,ticker,date,poswords,negwords,daily_filing_count
0,ALXN,0,5957.0,7071.0,46
1,ALXN,2002-06-14,1474.0,2072.0,1
2,ALXN,2002-10-29,7644.0,9001.0,1
3,ALXN,2002-12-11,2810.0,3644.0,1
4,ALXN,2003-02-03,139.0,181.0,1
5,ALXN,2003-03-17,8207.0,24854.0,1
6,ALXN,2003-06-13,2492.0,5327.0,1
7,ALXN,2003-08-07,80.0,115.0,1
8,ALXN,2003-09-22,274.0,273.0,1
9,ALXN,2003-10-27,8587.0,17211.0,1
10,ALXN,2003-12-12,2271.0,4964.0,1
11,ALXN,2004-02-10,146.0,188.0,1
12,ALXN,2004-02-13,444.0,1818.0,1
13,ALXN,2004-02-17,181.0,194.0,1
14,ALXN,2004-03-15,4067.0,9006.0,1
15,ALXN,2004-06-04,4745.0,11582.0,1
16,ALXN,2004-09-27,9597.0,20270.0,1
17,ALXN,2004-12-06,2224.0,4865.0,1
18,ALXN,2004-12-16,2654.0,5264.0,1
19,ALXN,2005-01-07,276.0,388.0,1
20,ALXN,2005-01-18,135.0,530.0,1
21,ALXN,2005-01-20,182.0,612.0,1
22,ALXN,2005-01-25,9834.0,17449.0,1
23,ALXN,2005-02-04,160.0,167.0,1
24,ALXN,2005-02-14,541.0,553.0,1
25,ALXN,2005-03-08,3311.0,7084.0,2
26,ALXN,2005-03-14,487.0,1703.0,1
27,ALXN,2005-03-16,184.0,717.0,1
28,ALXN,2005-06-03,448.0,1197.0,1
29,ALXN,2005-06-09,3615.0,7900.0,1
30,ALXN,2005-07-19,168.0,171.0,1
31,ALXN,2005-08-08,127.0,476.0,1
32,ALXN,2005-08-12,2321.0,4431.0,1
33,ALXN,2005-08-17,122.0,486.0,1
34,ALXN,2005-09-02,1479.0,3611.0,1
35,ALXN,2005-09-26,94.0,392.0,1
36,ALXN,2005-10-05,502.0,1276.0,1
37,ALXN,2005-10-11,9674.0,20094.0,1
38,ALXN,2005-10-21,297.0,459.0,1
39,ALXN,2005-11-14,2166.0,5529.0,1
40,ALXN,2005-11-23,247.0,846.0,1
41,ALXN,2005-11-29,80.0,120.0,1
42,ALXN,2005-11-30,1778.0,6061.0,1
43,ALXN,2005-12-06,3341.0,7557.0,2
44,ALXN,2005-12-14,75.0,345.0,1
45,ALXN,2006-01-11,89.0,356.0,1
46,ALXN,2006-01-27,348.0,1064.0,1
47,ALXN,2006-02-03,198.0,776.0,1
48,ALXN,2006-02-13,300.0,1145.0,1
49,ALXN,2006-02-14,119.0,162.0,1
50,ALXN,2006-02-16,7204.0,11600.0,1
51,ALXN,2006-02-17,1261.0,5249.0,1
52,ALXN,2006-03-06,240.0,235.0,2
53,ALXN,2006-03-07,9882.0,18368.0,1
54,ALXN,2006-04-13,142.0,526.0,1
55,ALXN,2006-04-27,524.0,1232.0,1
56,ALXN,2006-05-05,3234.0,6344.0,1
57,ALXN,2006-05-31,73.0,325.0,1
58,ALXN,2006-07-18,233.0,599.0,1
59,ALXN,2006-08-08,3622.0,6887.0,1
60,ALXN,2006-08-09,672.0,1383.0,1
61,ALXN,2006-10-06,463.0,934.0,1
62,ALXN,2006-10-11,2159.0,9492.0,1
63,ALXN,2006-11-01,697.0,1478.0,1
64,ALXN,2006-11-09,15087.0,25293.0,1
65,ALXN,2006-11-13,228.0,696.0,1
66,ALXN,2006-11-14,292.0,721.0,1
67,ALXN,2006-11-16,2459.0,4357.0,1
68,ALXN,2006-11-22,144.0,499.0,1
69,ALXN,2006-12-15,78.0,335.0,1
70,ALXN,2007-02-13,173.0,274.0,1
71,ALXN,2007-02-15,826.0,1742.0,1
72,ALXN,2007-02-23,9667.0,16994.0,1
73,ALXN,2007-03-19,442.0,1104.0,1
74,ALXN,2007-03-28,871.0,932.0,1
75,ALXN,2007-04-02,334.0,356.0,1
76,ALXN,2007-04-03,113.0,329.0,1
77,ALXN,2007-05-02,632.0,1358.0,1
78,ALXN,2007-05-09,4371.0,8567.0,1
79,ALXN,2007-05-14,607.0,1204.0,1
80,ALXN,2007-05-31,91.0,333.0,1
81,ALXN,2007-07-23,1281.0,3128.0,1
82,ALXN,2007-07-25,771.0,1575.0,1
83,ALXN,2007-08-07,5086.0,9419.0,2
84,ALXN,2007-10-26,715.0,1620.0,1
85,ALXN,2007-11-09,5070.0,9478.0,1
86,ALXN,2008-02-04,53.0,301.0,1
87,ALXN,2008-02-14,1964.0,4202.0,1
88,ALXN,2008-02-29,10159.0,18283.0,1
89,ALXN,2008-04-30,727.0,1704.0,1
90,ALXN,2008-05-12,13915.0,25535.0,1
91,ALXN,2008-06-03,72.0,348.0,1
92,ALXN,2008-07-29,870.0,1882.0,1
93,ALXN,2008-08-07,5482.0,10198.0,1
94,ALXN,2008-10-23,930.0,1930.0,1
95,ALXN,2008-10-30,5493.0,10123.0,1
96,ALXN,2008-11-12,215.0,729.0,1
97,ALXN,2009-01-05,281.0,850.0,1
98,ALXN,2009-02-05,453.0,1322.0,2
99,ALXN,2009-02-12,917.0,2071.0,1
100,ALXN,2009-02-23,10680.0,19395.0,1
101,ALXN,2009-04-09,100.0,390.0,1
102,ALXN,2009-04-17,97.0,383.0,1
103,ALXN,2009-04-23,755.0,1708.0,1
104,ALXN,2009-05-08,6092.0,11677.0,1
105,ALXN,2009-05-29,114.0,391.0,1
106,ALXN,2009-06-02,297.0,661.0,1
107,ALXN,2009-07-01,420.0,1009.0,1
108,ALXN,2009-07-23,968.0,1965.0,1
109,ALXN,2009-07-24,6452.0,11880.0,1
110,ALXN,2009-09-24,865.0,1218.0,1
111,ALXN,2009-10-22,914.0,1887.0,1
112,ALXN,2009-11-05,6992.0,12936.0,1
113,ALXN,2009-12-02,381.0,1147.0,1
114,ALXN,2010-01-28,188.0,480.0,1
115,ALXN,2010-01-29,242.0,381.0,1
116,ALXN,2010-02-11,1039.0,2186.0,1
117,ALXN,2010-02-23,9724.0,17903.0,1
118,ALXN,2010-02-24,222.0,695.0,1
119,ALXN,2010-04-16,432.0,1019.0,1
120,ALXN,2010-04-22,746.0,1756.0,1
121,ALXN,2010-05-05,5956.0,11437.0,1
122,ALXN,2010-05-14,2232.0,3885.0,1
123,ALXN,2010-06-03,533.0,1340.0,1
124,ALXN,2010-07-22,856.0,1852.0,1
125,ALXN,2010-07-30,10680.0,17854.0,1
126,ALXN,2010-08-19,124.0,410.0,1
127,ALXN,2010-09-17,1492.0,2433.0,1
128,ALXN,2010-10-21,1227.0,2606.0,1
129,ALXN,2010-11-02,9400.0,16357.0,1
130,ALXN,2011-01-28,86.0,348.0,1
131,ALXN,2011-02-03,14551.0,23647.0,2
132,ALXN,2011-02-10,1066.0,2464.0,1
133,ALXN,2011-02-11,108.0,146.0,1
134,ALXN,2011-02-17,9243.0,15980.0,1
135,ALXN,2011-03-10,10345.0,17200.0,1
136,ALXN,2011-03-15,139.0,480.0,1
137,ALXN,2011-04-13,1305.0,1889.0,1
138,ALXN,2011-04-21,713.0,1655.0,1
139,ALXN,2011-05-04,9387.0,17200.0,1
140,ALXN,2011-05-12,294.0,887.0,1
141,ALXN,2011-05-31,192.0,609.0,1
142,ALXN,2011-06-20,347.0,882.0,1
143,ALXN,2011-07-21,912.0,1957.0,1
144,ALXN,2011-08-03,10101.0,18935.0,1
145,ALXN,2011-09-23,107.0,350.0,2
146,ALXN,2011-10-20,962.0,1999.0,2
147,ALXN,2011-10-31,10180.0,18772.0,1
148,ALXN,2011-11-30,558.0,1154.0,1
149,ALXN,2011-12-02,795.0,1967.0,1
150,ALXN,2012-01-04,12175.0,19630.0,1
151,ALXN,2012-02-07,14158.0,25217.0,1
152,ALXN,2012-02-09,996.0,2274.0,2
153,ALXN,2012-02-17,15409.0,20166.0,1
154,ALXN,2012-04-24,2030.0,4050.0,1
155,ALXN,2012-05-02,15136.0,19653.0,1
156,ALXN,2012-05-07,168.0,302.0,1
157,ALXN,2012-05-11,374.0,819.0,1
158,ALXN,2012-05-23,124.0,397.0,1
159,ALXN,2012-05-24,112.0,415.0,1
160,ALXN,2012-05-29,2291.0,3953.0,1
161,ALXN,2012-07-25,2664.0,5763.0,1
162,ALXN,2012-07-27,14239.0,18513.0,1
163,ALXN,2012-09-28,128.0,223.0,1
164,ALXN,2012-10-24,3111.0,6915.0,1
165,ALXN,2012-10-29,14199.0,18462.0,1
166,ALXN,2012-11-08,228.0,369.0,1
167,ALXN,2013-01-25,190.0,454.0,1
168,ALXN,2013-02-11,154.0,180.0,1
169,ALXN,2013-02-13,102.0,184.0,1
170,ALXN,2013-02-14,3106.0,7076.0,1
171,ALXN,2013-02-19,15914.0,20289.0,1
172,ALXN,2013-03-28,211.0,394.0,1
173,ALXN,2013-04-25,2190.0,4759.0,1
174,ALXN,2013-04-30,15008.0,20087.0,1
175,ALXN,2013-05-10,449.0,969.0,1
176,ALXN,2013-07-25,3650.0,8244.0,1
177,ALXN,2013-07-26,13504.0,18748.0,1
178,ALXN,2013-08-01,141.0,259.0,1
179,ALXN,2013-08-20,223.0,356.0,1
180,ALXN,2013-10-24,4050.0,9156.0,1
181,ALXN,2013-10-25,13628.0,18694.0,1
182,ALXN,2013-11-12,269.0,382.0,1
183,ALXN,2013-12-13,472.0,608.0,1
184,ALXN,2013-12-20,125.0,217.0,1
185,ALXN,2014-01-16,365.0,589.0,1
186,ALXN,2014-01-30,3995.0,9295.0,1
187,ALXN,2014-02-10,16456.0,20799.0,1
188,ALXN,2014-04-17,2150.0,2772.0,1
189,ALXN,2014-04-24,2614.0,5813.0,1
190,ALXN,2014-04-25,13769.0,18018.0,1
191,ALXN,2014-04-30,144.0,289.0,1
192,ALXN,2014-05-07,510.0,1138.0,1
193,ALXN,2014-07-16,337.0,700.0,1
194,ALXN,2014-07-24,3531.0,8193.0,1
195,ALXN,2014-07-25,13542.0,18341.0,1
196,ALXN,2014-07-30,146.0,288.0,1
197,ALXN,2014-08-25,191.0,355.0,1
198,ALXN,2014-09-17,523.0,780.0,1
199,ALXN,2014-10-07,290.0,492.0,1
200,ALXN,2014-10-09,338.0,565.0,1
201,ALXN,2014-10-23,3714.0,8480.0,1
202,ALXN,2014-10-24,13457.0,18364.0,1
203,ALXN,2014-11-10,336.0,686.0,1
204,ALXN,2014-12-15,230.0,440.0,1
205,ALXN,2015-01-07,317.0,467.0,1
206,ALXN,2015-01-29,4243.0,9791.0,1
207,ALXN,2015-02-06,16517.0,21438.0,1
208,ALXN,2015-02-11,120.0,1104.0,1
209,ALXN,2015-03-16,431.0,538.0,1
210,ALXN,2015-03-26,143.0,286.0,1
211,ALXN,2015-04-07,1686.0,2169.0,1
212,ALXN,2015-04-23,2466.0,5511.0,1
213,ALXN,2015-04-24,13701.0,17906.0,1
214,ALXN,2015-05-06,18418.0,22112.0,1
215,ALXN,2015-05-12,655.0,1394.0,1
216,ALXN,2015-06-23,15616.0,20540.0,1
217,ALXN,2015-07-30,3657.0,8465.0,1
218,ALXN,2015-07-31,13459.0,17975.0,1
219,ALXN,2015-08-13,2973.0,4463.0,2
220,ALXN,2015-08-17,203.0,340.0,1
221,ALXN,2015-10-29,4182.0,9906.0,1
222,ALXN,2015-11-02,13452.0,17539.0,1
223,ALXN,2016-01-14,2994.0,3390.0,1
224,ALXN,2016-02-03,4928.0,11744.0,1
225,ALXN,2016-02-08,16296.0,21314.0,1
226,ALXN,2016-03-03,200.0,388.0,1
227,ALXN,2016-04-28,3017.0,6852.0,1
228,ALXN,2016-04-29,13555.0,18135.0,1
229,ALXN,2016-05-16,569.0,1258.0,1
230,ALXN,2016-06-06,615.0,876.0,1
231,ALXN,2016-07-28,3774.0,7380.0,1
232,ALXN,2016-07-29,13331.0,17648.0,1
233,ALXN,2016-08-08,197.0,386.0,1
234,ALXN,2016-09-22,389.0,498.0,1
235,ALXN,2016-10-27,3298.0,6454.0,1
236,ALXN,2016-11-09,308.0,523.0,1
237,ALXN,2016-11-16,324.0,543.0,1
238,ALXN,2016-12-12,709.0,869.0,1
239,ALXN,2017-01-04,13426.0,17566.0,1
240,ALXN,2017-01-05,983.0,1371.0,1
241,ALXN,2017-02-16,16473.0,21429.0,2
242,ALXN,2017-03-02,656.0,1034.0,1
243,ALXN,2017-03-27,582.0,851.0,1
244,ALXN,2017-04-27,13558.0,18341.0,2
245,ALXN,2017-05-12,636.0,1343.0,1
246,ALXN,2017-05-23,574.0,785.0,1
247,ALXN,2017-06-13,476.0,773.0,1
248,ALXN,2017-07-27,13644.0,17797.0,2
249,ALXN,2017-09-12,700.0,1342.0,1
250,ALXN,2017-09-15,381.0,731.0,1
251,ALXN,2017-10-26,13534.0,17637.0,2
252,ALXN,2017-11-08,363.0,715.0,1
253,ALXN,2018-01-22,351.0,568.0,1
254,ALXN,2018-02-05,346.0,536.0,1
255,ALXN,2018-02-08,14993.0,20295.0,2
256,ALXN,2018-02-13,115.0,149.0,1
257,ALXN,2018-04-11,3331.0,3592.0,1
258,ALXN,2018-04-26,12322.0,16366.0,2
259,ALXN,2018-05-11,462.0,970.0,1
260,ALXN,2018-06-13,18679.0,17959.0,1
261,ALXN,2018-06-28,246.0,560.0,1
262,ALXN,2018-07-26,12112.0,15874.0,2
263,ALXN,2018-10-01,630.0,928.0,1
264,ALXN,2018-10-24,12176.0,15630.0,2
265,ALXN,2018-11-16,194.0,383.0,1
266,ALXN,2018-12-21,187.0,363.0,1
267,ALXN,2019-02-04,6679.0,8936.0,1
268,ALXN,2019-02-06,17003.0,20752.0,1
269,ALXN,2019-04-25,11886.0,15794.0,2
270,ALXN,2019-05-17,460.0,971.0,1
271,ALXN,2019-07-24,10897.0,18883.0,2
272,ALXN,2019-09-05,906.0,2214.0,1
273,ALXN,2019-09-17,1035.0,2401.0,1
274,ALXN,2019-10-16,13233.0,21482.0,1
275,ALXN,2019-10-21,1196.0,2272.0,1
276,ALXN,2019-10-23,10876.0,18976.0,2
277,ALXN,2020-01-13,1372.0,2580.0,1
278,ALXN,2020-01-28,4612.0,5682.0,1
279,ALXN,2020-01-30,8340.0,11619.0,1
280,ALXN,2020-02-04,15361.0,24114.0,1
281,ALXN,2020-02-13,111.0,155.0,1
282,ALXN,2020-05-05,1920.0,4178.0,1
283,ALXN,2020-05-06,12313.0,17968.0,2
284,ALXN,2020-05-07,12515.0,18183.0,1
285,ALXN,2020-05-19,1394.0,3137.0,1
286,AMGN,0,3522.0,4542.0,36
287,AMGN,2002-07-23,195.0,210.0,1
288,AMGN,2002-08-13,11545.0,16414.0,1
289,AMGN,2002-11-05,6710.0,8851.0,1
290,AMGN,2003-03-10,9455.0,25585.0,1
291,AMGN,2003-05-02,9121.0,20214.0,1
292,AMGN,2003-07-30,7100.0,16415.0,1
293,AMGN,2003-10-29,4558.0,10593.0,1
294,AMGN,2004-03-11,10142.0,12600.0,1
295,AMGN,2004-05-03,4471.0,6558.0,1
296,AMGN,2004-08-06,12690.0,15361.0,1
297,AMGN,2004-11-09,6460.0,8025.0,1
298,AMGN,2005-03-09,13232.0,19500.0,1
299,AMGN,2005-05-04,5304.0,8046.0,1
300,AMGN,2005-08-05,8512.0,12306.0,1
301,AMGN,2005-11-09,6268.0,9323.0,1
302,AMGN,2006-02-03,208.0,1013.0,1
303,AMGN,2006-02-13,389.0,927.0,2
304,AMGN,2006-02-15,270.0,775.0,1
305,AMGN,2006-02-21,11688.0,26758.0,1
306,AMGN,2006-03-10,9806.0,26243.0,1
307,AMGN,2006-03-13,2166.0,4428.0,1
308,AMGN,2006-04-24,1633.0,3117.0,1
309,AMGN,2006-05-09,7878.0,18750.0,1
310,AMGN,2006-05-16,728.0,1682.0,1
311,AMGN,2006-07-14,603.0,1035.0,1
312,AMGN,2006-07-24,2157.0,3837.0,1
313,AMGN,2006-08-08,7844.0,16755.0,1
314,AMGN,2006-09-15,331.0,802.0,1
315,AMGN,2006-09-29,250.0,563.0,1
316,AMGN,2006-10-02,6904.0,10151.0,1
317,AMGN,2006-10-06,788.0,1704.0,1
318,AMGN,2006-10-19,107.0,347.0,1
319,AMGN,2006-10-23,2306.0,4198.0,1
320,AMGN,2006-11-09,6199.0,29634.0,1
321,AMGN,2007-01-19,78.0,296.0,1
322,AMGN,2007-01-23,319.0,306.0,1
323,AMGN,2007-01-25,2481.0,4449.0,1
324,AMGN,2007-02-09,211.0,471.0,1
325,AMGN,2007-02-20,2156.0,4195.0,1
326,AMGN,2007-02-28,11415.0,21604.0,1
327,AMGN,2007-03-02,147.0,398.0,1
328,AMGN,2007-03-12,261.0,606.0,1
329,AMGN,2007-04-12,181.0,571.0,1
330,AMGN,2007-04-23,1532.0,3178.0,1
331,AMGN,2007-05-09,6378.0,12607.0,1
332,AMGN,2007-05-15,85.0,312.0,1
333,AMGN,2007-05-18,224.0,642.0,1
334,AMGN,2007-05-22,3749.0,6926.0,1
335,AMGN,2007-05-23,234.0,632.0,1
336,AMGN,2007-05-25,430.0,1061.0,1
337,AMGN,2007-05-30,4295.0,8315.0,1
338,AMGN,2007-06-29,148.0,386.0,1
339,AMGN,2007-07-12,233.0,508.0,1
340,AMGN,2007-07-13,379.0,901.0,1
341,AMGN,2007-07-26,2145.0,3922.0,1
342,AMGN,2007-08-02,205.0,748.0,1
343,AMGN,2007-08-08,11709.0,22737.0,1
344,AMGN,2007-08-15,1040.0,3398.0,1
345,AMGN,2007-09-14,106.0,331.0,1
346,AMGN,2007-10-02,225.0,600.0,1
347,AMGN,2007-10-24,2382.0,4689.0,1
348,AMGN,2007-11-02,6604.0,10962.0,1
349,AMGN,2007-11-09,10572.0,21090.0,1
350,AMGN,2007-12-13,988.0,1462.0,1
351,AMGN,2008-01-14,647.0,1422.0,1
352,AMGN,2008-01-24,2468.0,4563.0,1
353,AMGN,2008-02-04,487.0,1174.0,1
354,AMGN,2008-02-05,449.0,437.0,1
355,AMGN,2008-02-27,12277.0,22964.0,1
356,AMGN,2008-03-14,506.0,976.0,1
357,AMGN,2008-04-24,1808.0,3553.0,1
358,AMGN,2008-05-09,13472.0,23028.0,1
359,AMGN,2008-05-23,4220.0,7944.0,1
360,AMGN,2008-05-29,103.0,358.0,1
361,AMGN,2008-07-17,100.0,378.0,1
362,AMGN,2008-07-28,2251.0,4107.0,1
363,AMGN,2008-08-08,11283.0,19591.0,1
364,AMGN,2008-08-18,186.0,835.0,1
365,AMGN,2008-09-16,117.0,393.0,1
366,AMGN,2008-10-03,220.0,610.0,1
367,AMGN,2008-10-22,2474.0,4559.0,1
368,AMGN,2008-10-23,105.0,354.0,1
369,AMGN,2008-11-07,13350.0,23589.0,1
370,AMGN,2008-12-10,637.0,1256.0,1
371,AMGN,2009-01-16,4209.0,8075.0,1
372,AMGN,2009-01-26,2631.0,4989.0,1
373,AMGN,2009-02-05,427.0,423.0,1
374,AMGN,2009-02-10,122.0,394.0,1
375,AMGN,2009-02-27,13000.0,24457.0,1
376,AMGN,2009-03-09,318.0,698.0,1
377,AMGN,2009-04-23,2011.0,4025.0,1
378,AMGN,2009-05-08,8576.0,14549.0,1
379,AMGN,2009-05-11,9680.0,18047.0,1
380,AMGN,2009-07-09,248.0,619.0,1
381,AMGN,2009-07-27,2664.0,4802.0,2
382,AMGN,2009-08-07,11788.0,19101.0,1
383,AMGN,2009-10-05,69.0,302.0,1
384,AMGN,2009-10-07,2293.0,4235.0,1
385,AMGN,2009-10-21,2795.0,4997.0,1
386,AMGN,2009-11-06,11339.0,18610.0,1
387,AMGN,2010-01-25,2847.0,5172.0,1
388,AMGN,2010-01-29,247.0,403.0,1
389,AMGN,2010-03-01,11509.0,21803.0,1
390,AMGN,2010-03-04,270.0,676.0,1
391,AMGN,2010-03-12,4194.0,7626.0,1
392,AMGN,2010-04-21,1773.0,3385.0,1
393,AMGN,2010-04-26,293.0,924.0,1
394,AMGN,2010-05-07,12692.0,20095.0,1
395,AMGN,2010-05-12,436.0,973.0,1
396,AMGN,2010-07-15,264.0,811.0,1
397,AMGN,2010-07-22,291.0,816.0,1
398,AMGN,2010-07-29,2238.0,3883.0,1
399,AMGN,2010-08-09,13589.0,16192.0,1
400,AMGN,2010-09-16,4054.0,7259.0,1
401,AMGN,2010-10-21,1074.0,2029.0,1
402,AMGN,2010-10-25,2227.0,3996.0,1
403,AMGN,2010-11-08,12880.0,16542.0,1
404,AMGN,2010-12-09,319.0,1228.0,1
405,AMGN,2010-12-15,1900.0,3236.0,1
406,AMGN,2011-01-24,2432.0,4399.0,2
407,AMGN,2011-02-25,16420.0,20204.0,1
408,AMGN,2011-03-04,271.0,717.0,1
409,AMGN,2011-04-20,1912.0,3776.0,1
410,AMGN,2011-05-10,17785.0,21414.0,1
411,AMGN,2011-05-20,438.0,1038.0,1
412,AMGN,2011-06-30,4491.0,8512.0,1
413,AMGN,2011-07-29,2486.0,4462.0,1
414,AMGN,2011-08-08,19624.0,19714.0,1
415,AMGN,2011-10-13,172.0,655.0,1
416,AMGN,2011-10-24,2641.0,4625.0,1
417,AMGN,2011-11-04,7702.0,14232.0,1
418,AMGN,2011-11-09,262.0,927.0,1
419,AMGN,2011-11-10,4975.0,9187.0,1
420,AMGN,2011-11-18,91.0,390.0,1
421,AMGN,2011-11-30,95.0,395.0,1
422,AMGN,2011-12-02,9049.0,16286.0,1
423,AMGN,2011-12-05,2804.0,5650.0,1
424,AMGN,2011-12-15,285.0,896.0,1
425,AMGN,2012-01-26,10850.0,16324.0,2
426,AMGN,2012-02-14,264.0,258.0,1
427,AMGN,2012-02-29,11715.0,20000.0,1
428,AMGN,2012-03-01,1025.0,1949.0,1
429,AMGN,2012-03-20,187.0,498.0,1
430,AMGN,2012-04-02,576.0,1314.0,1
431,AMGN,2012-04-24,2043.0,4105.0,1
432,AMGN,2012-04-27,9310.0,17538.0,1
433,AMGN,2012-05-08,9904.0,17031.0,1
434,AMGN,2012-05-15,4563.0,8589.0,1
435,AMGN,2012-05-23,1568.0,2190.0,1
436,AMGN,2012-07-26,2837.0,5341.0,1
437,AMGN,2012-08-08,7636.0,12913.0,1
438,AMGN,2012-09-10,88.0,390.0,2
439,AMGN,2012-09-13,2819.0,5691.0,1
440,AMGN,2012-10-23,2657.0,5136.0,1
441,AMGN,2012-11-06,13937.0,19240.0,1
442,AMGN,2012-12-07,441.0,1006.0,1
443,AMGN,2012-12-13,156.0,539.0,1
444,AMGN,2012-12-14,326.0,872.0,1
445,AMGN,2012-12-19,345.0,841.0,1
446,AMGN,2013-01-23,2956.0,5324.0,1
447,AMGN,2013-02-12,102.0,133.0,1
448,AMGN,2013-02-27,16490.0,19560.0,1
449,AMGN,2013-03-06,2289.0,4311.0,1
450,AMGN,2013-04-23,2170.0,4459.0,1
451,AMGN,2013-05-03,13703.0,19054.0,1
452,AMGN,2013-05-22,457.0,1092.0,1
453,AMGN,2013-07-09,84.0,371.0,1
454,AMGN,2013-07-26,103.0,396.0,1
455,AMGN,2013-07-30,2474.0,4686.0,1
456,AMGN,2013-08-06,13571.0,19311.0,1
457,AMGN,2013-08-26,16179.0,26254.0,1
458,AMGN,2013-09-20,7218.0,14341.0,1
459,AMGN,2013-10-01,564.0,1082.0,1
460,AMGN,2013-10-17,324.0,1100.0,1
461,AMGN,2013-10-22,2617.0,5096.0,1
462,AMGN,2013-10-29,13590.0,19252.0,1
463,AMGN,2013-11-19,91.0,372.0,1
464,AMGN,2014-01-09,463.0,998.0,1
465,AMGN,2014-01-28,2821.0,5296.0,1
466,AMGN,2014-02-24,15254.0,19532.0,1
467,AMGN,2014-04-03,106.0,422.0,1
468,AMGN,2014-04-08,81.0,349.0,1
469,AMGN,2014-04-22,1741.0,3505.0,1
470,AMGN,2014-04-30,13717.0,19385.0,1
471,AMGN,2014-05-15,320.0,961.0,1
472,AMGN,2014-05-22,10376.0,18878.0,1
473,AMGN,2014-06-09,325.0,914.0,1
474,AMGN,2014-07-29,2379.0,4417.0,1
475,AMGN,2014-07-30,9038.0,16024.0,1
476,AMGN,2014-08-05,13611.0,18878.0,1
477,AMGN,2014-10-17,288.0,936.0,1
478,AMGN,2014-10-27,2251.0,4090.0,1
479,AMGN,2014-10-28,109.0,484.0,1
480,AMGN,2014-10-29,13487.0,18803.0,1
481,AMGN,2015-01-27,2460.0,4267.0,1
482,AMGN,2015-02-11,120.0,1091.0,1
483,AMGN,2015-02-19,15086.0,19586.0,1
484,AMGN,2015-03-04,100.0,423.0,1
485,AMGN,2015-04-01,414.0,1167.0,1
486,AMGN,2015-04-21,1684.0,3478.0,1
487,AMGN,2015-04-27,13674.0,19239.0,1
488,AMGN,2015-05-01,5489.0,10160.0,1
489,AMGN,2015-05-14,522.0,934.0,1
490,AMGN,2015-07-30,2326.0,4340.0,1
491,AMGN,2015-08-05,13400.0,18746.0,1
492,AMGN,2015-10-28,2243.0,4120.0,1
493,AMGN,2015-11-02,13465.0,18647.0,1
494,AMGN,2016-01-28,2333.0,4167.0,1
495,AMGN,2016-02-16,15087.0,19382.0,1
496,AMGN,2016-02-17,3238.0,5583.0,1
497,AMGN,2016-02-23,81.0,350.0,1
498,AMGN,2016-02-25,5153.0,9048.0,1
499,AMGN,2016-03-03,247.0,737.0,1
500,AMGN,2016-03-08,3354.0,6826.0,1
501,AMGN,2016-04-28,1818.0,3747.0,1
502,AMGN,2016-05-02,13771.0,19186.0,1
503,AMGN,2016-05-13,714.0,1705.0,1
504,AMGN,2016-05-19,400.0,973.0,1
505,AMGN,2016-05-26,1096.0,2544.0,1
506,AMGN,2016-05-31,920.0,2687.0,1
507,AMGN,2016-06-10,623.0,1363.0,1
508,AMGN,2016-06-14,5160.0,9668.0,1
509,AMGN,2016-07-27,2431.0,4557.0,1
510,AMGN,2016-07-29,13730.0,18785.0,1
511,AMGN,2016-08-02,228.0,726.0,1
512,AMGN,2016-08-19,4925.0,8876.0,1
513,AMGN,2016-10-14,271.0,917.0,1
514,AMGN,2016-10-27,2552.0,4845.0,1
515,AMGN,2016-10-28,13568.0,18618.0,1
516,AMGN,2016-10-31,13898.0,19111.0,1
517,AMGN,2017-01-09,142.0,486.0,1
518,AMGN,2017-02-02,2970.0,8217.0,1
519,AMGN,2017-02-03,163.0,482.0,1
520,AMGN,2017-02-14,15075.0,19370.0,2
521,AMGN,2017-04-24,549.0,1374.0,1
522,AMGN,2017-04-26,13734.0,19047.0,2
523,AMGN,2017-05-11,6576.0,13581.0,1
524,AMGN,2017-05-22,271.0,1119.0,1
525,AMGN,2017-07-25,2473.0,8656.0,1
526,AMGN,2017-07-26,13604.0,18977.0,1
527,AMGN,2017-10-24,226.0,707.0,1
528,AMGN,2017-10-25,13564.0,18892.0,2
529,AMGN,2017-10-31,180.0,566.0,1
530,AMGN,2017-11-02,3869.0,8052.0,1
531,AMGN,2017-12-22,327.0,861.0,1
532,AMGN,2018-02-01,3357.0,10837.0,1
533,AMGN,2018-02-05,327.0,1141.0,1
534,AMGN,2018-02-13,15459.0,18912.0,1
535,AMGN,2018-04-24,13821.0,19108.0,2
536,AMGN,2018-05-22,492.0,1460.0,1
537,AMGN,2018-07-26,13734.0,18837.0,3
538,AMGN,2018-10-30,13798.0,18735.0,2
539,AMGN,2019-01-29,8681.0,20077.0,1
540,AMGN,2019-02-08,634.0,2085.0,1
541,AMGN,2019-02-13,15512.0,19301.0,1
542,AMGN,2019-04-30,13533.0,18758.0,2
543,AMGN,2019-05-21,448.0,1181.0,1
544,AMGN,2019-07-30,10930.0,20536.0,2
545,AMGN,2019-08-26,13332.0,29471.0,1
546,AMGN,2019-09-25,264.0,874.0,1
547,AMGN,2019-10-18,1624.0,4178.0,1
548,AMGN,2019-10-23,1670.0,4181.0,1
549,AMGN,2019-10-29,11159.0,20230.0,2
550,AMGN,2019-10-31,2253.0,5490.0,1
551,AMGN,2019-11-21,2148.0,5339.0,1
552,AMGN,2019-12-12,11768.0,23899.0,1
553,AMGN,2020-01-02,1838.0,4555.0,1
554,AMGN,2020-01-30,8615.0,19899.0,1
555,AMGN,2020-02-07,226.0,823.0,1
556,AMGN,2020-02-12,12073.0,22297.0,1
557,AMGN,2020-02-21,7351.0,16325.0,1
558,AMGN,2020-03-31,1990.0,5169.0,1
559,AMGN,2020-04-30,11267.0,20299.0,2
560,AMGN,2020-05-06,5296.0,11405.0,1
561,AMGN,2020-05-20,1801.0,4510.0,1
562,BIIB,0,6152.0,7662.0,35
563,BIIB,2002-08-13,3094.0,3915.0,1
564,BIIB,2002-11-14,4971.0,6338.0,1
565,BIIB,2003-02-12,143.0,168.0,1
566,BIIB,2003-03-10,144.0,171.0,1
567,BIIB,2003-03-28,11554.0,13421.0,1
568,BIIB,2003-05-14,4602.0,9382.0,1
569,BIIB,2003-08-08,278.0,1034.0,1
570,BIIB,2003-08-14,5745.0,11438.0,1
571,BIIB,2003-10-31,5828.0,11399.0,1
572,BIIB,2003-12-11,276.0,1023.0,1
573,BIIB,2004-02-04,112.0,118.0,1
574,BIIB,2004-03-10,10174.0,12970.0,1
575,BIIB,2004-05-06,5645.0,6662.0,1
576,BIIB,2004-06-04,62.0,116.0,1
577,BIIB,2004-07-23,62.0,99.0,1
578,BIIB,2004-07-28,1579.0,1420.0,1
579,BIIB,2004-08-09,6694.0,7868.0,1
580,BIIB,2004-09-22,61.0,149.0,1
581,BIIB,2004-09-29,1840.0,1608.0,1
582,BIIB,2004-10-27,1643.0,1410.0,1
583,BIIB,2004-11-05,6778.0,8497.0,2
584,BIIB,2004-11-30,409.0,555.0,1
585,BIIB,2004-12-01,186.0,323.0,1
586,BIIB,2004-12-15,138.0,181.0,1
587,BIIB,2004-12-20,78.0,130.0,1
588,BIIB,2005-01-06,237.0,403.0,1
589,BIIB,2005-02-07,1363.0,1727.0,1
590,BIIB,2005-02-11,117.0,145.0,1
591,BIIB,2005-02-14,288.0,318.0,1
592,BIIB,2005-02-22,310.0,487.0,1
593,BIIB,2005-02-24,221.0,343.0,1
594,BIIB,2005-03-03,268.0,437.0,1
595,BIIB,2005-03-07,265.0,389.0,2
596,BIIB,2005-03-17,132.0,209.0,1
597,BIIB,2005-03-23,331.0,407.0,1
598,BIIB,2005-03-31,14826.0,22330.0,2
599,BIIB,2005-04-27,900.0,1202.0,1
600,BIIB,2005-04-28,7584.0,10399.0,1
601,BIIB,2005-05-03,103.0,151.0,1
602,BIIB,2005-05-11,104.0,158.0,1
603,BIIB,2005-06-06,167.0,186.0,1
604,BIIB,2005-06-16,287.0,427.0,1
605,BIIB,2005-07-26,13796.0,16855.0,2
606,BIIB,2005-08-11,311.0,497.0,1
607,BIIB,2005-09-13,581.0,1030.0,1
608,BIIB,2005-09-15,219.0,496.0,1
609,BIIB,2005-10-03,2030.0,3435.0,1
610,BIIB,2005-10-26,1202.0,1831.0,1
611,BIIB,2005-11-02,10025.0,14492.0,1
612,BIIB,2005-11-14,124.0,374.0,1
613,BIIB,2005-12-12,215.0,430.0,2
614,BIIB,2005-12-22,472.0,654.0,1
615,BIIB,2006-01-10,188.0,239.0,1
616,BIIB,2006-02-10,534.0,1042.0,1
617,BIIB,2006-02-14,182.0,171.0,1
618,BIIB,2006-02-15,1135.0,1742.0,1
619,BIIB,2006-03-03,16363.0,21419.0,1
620,BIIB,2006-03-06,179.0,347.0,1
621,BIIB,2006-03-09,225.0,466.0,1
622,BIIB,2006-04-10,98.0,197.0,1
623,BIIB,2006-04-26,982.0,1616.0,1
624,BIIB,2006-05-10,9130.0,13152.0,1
625,BIIB,2006-05-26,169.0,325.0,1
626,BIIB,2006-07-14,187.0,364.0,1
627,BIIB,2006-07-26,1281.0,1847.0,1
628,BIIB,2006-08-10,9578.0,12864.0,1
629,BIIB,2006-10-31,1765.0,2633.0,1
630,BIIB,2006-11-09,11942.0,16150.0,1
631,BIIB,2006-12-12,186.0,280.0,1
632,BIIB,2006-12-18,198.0,247.0,1
633,BIIB,2007-02-15,1794.0,3231.0,1
634,BIIB,2007-02-21,13904.0,19526.0,1
635,BIIB,2007-05-02,1071.0,1747.0,1
636,BIIB,2007-05-03,9302.0,13428.0,1
637,BIIB,2007-05-30,2465.0,3599.0,1
638,BIIB,2007-06-18,126.0,255.0,1
639,BIIB,2007-06-29,151.0,290.0,1
640,BIIB,2007-07-02,13021.0,15353.0,1
641,BIIB,2007-07-24,9126.0,12472.0,2
642,BIIB,2007-08-13,249.0,518.0,1
643,BIIB,2007-08-28,142.0,297.0,1
644,BIIB,2007-09-06,505.0,744.0,1
645,BIIB,2007-10-23,9400.0,13007.0,2
646,BIIB,2007-12-21,88.0,191.0,1
647,BIIB,2008-01-07,648.0,880.0,1
648,BIIB,2008-01-11,89.0,203.0,1
649,BIIB,2008-01-28,219.0,334.0,1
650,BIIB,2008-02-05,450.0,441.0,3
651,BIIB,2008-02-06,1698.0,2171.0,1
652,BIIB,2008-02-14,13523.0,19461.0,1
653,BIIB,2008-02-15,130.0,211.0,1
654,BIIB,2008-02-27,230.0,382.0,1
655,BIIB,2008-03-04,4199.0,5721.0,1
656,BIIB,2008-04-23,8054.0,11750.0,2
657,BIIB,2008-05-29,225.0,335.0,2
658,BIIB,2008-07-09,136.0,219.0,1
659,BIIB,2008-07-22,9528.0,13270.0,2
660,BIIB,2008-07-24,98.0,195.0,1
661,BIIB,2008-07-31,276.0,243.0,1
662,BIIB,2008-08-01,735.0,1094.0,1
663,BIIB,2008-10-17,4582.0,6609.0,1
664,BIIB,2008-10-21,11676.0,17175.0,2
665,BIIB,2008-10-29,169.0,194.0,1
666,BIIB,2008-12-15,164.0,193.0,1
667,BIIB,2009-01-09,98.0,192.0,1
668,BIIB,2009-01-13,590.0,1602.0,1
669,BIIB,2009-01-16,247.0,382.0,1
670,BIIB,2009-02-06,12606.0,17952.0,3
671,BIIB,2009-03-12,94.0,200.0,1
672,BIIB,2009-03-30,108.0,261.0,1
673,BIIB,2009-04-16,1197.0,1669.0,1
674,BIIB,2009-04-17,11598.0,16188.0,1
675,BIIB,2009-05-04,97.0,195.0,1
676,BIIB,2009-07-16,10977.0,15524.0,3
677,BIIB,2009-08-26,68.0,179.0,1
678,BIIB,2009-09-04,403.0,603.0,1
679,BIIB,2009-09-15,65.0,168.0,1
680,BIIB,2009-10-20,1227.0,1601.0,1
681,BIIB,2009-10-21,10682.0,13668.0,1
682,BIIB,2009-12-10,75.0,201.0,1
683,BIIB,2010-01-04,114.0,251.0,1
684,BIIB,2010-01-12,96.0,186.0,1
685,BIIB,2010-01-28,224.0,348.0,1
686,BIIB,2010-01-29,247.0,382.0,1
687,BIIB,2010-02-09,12902.0,18677.0,2
688,BIIB,2010-02-12,308.0,260.0,1
689,BIIB,2010-03-22,1000.0,1561.0,1
690,BIIB,2010-04-20,13356.0,18860.0,2
691,BIIB,2010-06-07,64.0,174.0,1
692,BIIB,2010-06-10,163.0,238.0,1
693,BIIB,2010-07-01,2301.0,3299.0,1
694,BIIB,2010-07-20,11690.0,15918.0,2
695,BIIB,2010-08-06,95.0,182.0,1
696,BIIB,2010-10-08,2566.0,4639.0,1
697,BIIB,2010-10-21,308.0,376.0,1
698,BIIB,2010-10-26,11798.0,14759.0,2
699,BIIB,2010-11-03,779.0,1431.0,1
700,BIIB,2011-01-21,349.0,523.0,1
701,BIIB,2011-02-01,1353.0,1687.0,1
702,BIIB,2011-02-04,14424.0,19579.0,1
703,BIIB,2011-02-09,112.0,140.0,1
704,BIIB,2011-02-10,129.0,994.0,1
705,BIIB,2011-02-11,87.0,177.0,2
706,BIIB,2011-03-01,67.0,171.0,1
707,BIIB,2011-04-21,13087.0,17616.0,2
708,BIIB,2011-06-07,2715.0,2937.0,1
709,BIIB,2011-06-23,122.0,233.0,1
710,BIIB,2011-06-24,62.0,176.0,1
711,BIIB,2011-07-26,11458.0,14278.0,2
712,BIIB,2011-09-29,83.0,172.0,1
713,BIIB,2011-10-28,11530.0,14270.0,2
714,BIIB,2011-11-29,95.0,214.0,1
715,BIIB,2011-12-14,72.0,164.0,1
716,BIIB,2011-12-19,72.0,348.0,1
717,BIIB,2012-01-31,1126.0,2388.0,1
718,BIIB,2012-02-03,11700.0,20500.0,1
719,BIIB,2012-02-14,234.0,244.0,1
720,BIIB,2012-03-02,94.0,416.0,1
721,BIIB,2012-05-01,8167.0,17450.0,2
722,BIIB,2012-06-13,570.0,1082.0,1
723,BIIB,2012-07-24,6310.0,12049.0,2
724,BIIB,2012-10-09,576.0,534.0,1
725,BIIB,2012-10-25,13477.0,17863.0,2
726,BIIB,2013-01-28,2877.0,4950.0,1
727,BIIB,2013-01-30,126.0,870.0,1
728,BIIB,2013-02-05,14836.0,19869.0,1
729,BIIB,2013-02-06,994.0,1879.0,1
730,BIIB,2013-03-14,271.0,280.0,1
731,BIIB,2013-04-02,481.0,543.0,1
732,BIIB,2013-04-25,13601.0,18137.0,2
733,BIIB,2013-05-30,699.0,1254.0,1
734,BIIB,2013-06-14,617.0,668.0,1
735,BIIB,2013-07-25,13428.0,17915.0,2
736,BIIB,2013-08-26,3842.0,3952.0,1
737,BIIB,2013-10-28,13453.0,17903.0,2
738,BIIB,2014-01-29,2917.0,5023.0,1
739,BIIB,2014-02-06,15021.0,19932.0,1
740,BIIB,2014-02-18,191.0,354.0,1
741,BIIB,2014-04-23,13671.0,17999.0,2
742,BIIB,2014-06-13,678.0,701.0,1
743,BIIB,2014-07-23,13434.0,17824.0,2
744,BIIB,2014-10-22,13434.0,17754.0,2
745,BIIB,2015-01-29,3061.0,5649.0,1
746,BIIB,2015-02-04,14802.0,20227.0,1
747,BIIB,2015-02-10,121.0,1095.0,1
748,BIIB,2015-02-12,156.0,590.0,1
749,BIIB,2015-03-27,5866.0,7187.0,1
750,BIIB,2015-04-24,12019.0,16563.0,2
751,BIIB,2015-06-11,851.0,1240.0,1
752,BIIB,2015-07-24,11903.0,16771.0,2
753,BIIB,2015-08-20,822.0,989.0,1
754,BIIB,2015-08-31,14912.0,13758.0,1
755,BIIB,2015-09-11,2337.0,4096.0,1
756,BIIB,2015-09-15,7423.0,12527.0,1
757,BIIB,2015-10-21,11978.0,16563.0,2
758,BIIB,2016-01-27,3780.0,5927.0,1
759,BIIB,2016-02-03,12522.0,21104.0,1
760,BIIB,2016-04-21,11968.0,16462.0,2
761,BIIB,2016-04-29,127.0,152.0,1
762,BIIB,2016-05-03,808.0,1404.0,1
763,BIIB,2016-06-09,739.0,1286.0,1
764,BIIB,2016-06-21,187.0,582.0,1
765,BIIB,2016-07-21,11797.0,16671.0,2
766,BIIB,2016-10-26,11808.0,16659.0,2
767,BIIB,2016-12-09,618.0,1449.0,1
768,BIIB,2016-12-19,3958.0,4127.0,1
769,BIIB,2017-01-17,10175.0,10244.0,1
770,BIIB,2017-01-26,7562.0,12470.0,1
771,BIIB,2017-02-01,8526.0,9131.0,1
772,BIIB,2017-02-02,12267.0,20903.0,2
773,BIIB,2017-04-25,12131.0,16675.0,2
774,BIIB,2017-06-09,7474.0,17848.0,1
775,BIIB,2017-06-13,267.0,884.0,1
776,BIIB,2017-07-25,11900.0,16779.0,2
777,BIIB,2017-10-24,11906.0,16723.0,2
778,BIIB,2017-11-07,211.0,572.0,1
779,BIIB,2017-11-21,379.0,1092.0,1
780,BIIB,2018-01-25,8307.0,13850.0,1
781,BIIB,2018-02-01,12591.0,19938.0,1
782,BIIB,2018-04-24,12041.0,16717.0,2
783,BIIB,2018-06-07,483.0,1569.0,1
784,BIIB,2018-06-14,1061.0,1688.0,1
785,BIIB,2018-06-26,116.0,447.0,1
786,BIIB,2018-07-24,12017.0,16749.0,2
787,BIIB,2018-08-03,204.0,592.0,1
788,BIIB,2018-10-23,12099.0,16692.0,2
789,BIIB,2018-11-01,294.0,732.0,1
790,BIIB,2019-01-29,8484.0,14024.0,1
791,BIIB,2019-02-06,12724.0,20091.0,1
792,BIIB,2019-02-14,851.0,1053.0,1
793,BIIB,2019-03-25,178.0,284.0,1
794,BIIB,2019-04-24,12098.0,17404.0,2
795,BIIB,2019-04-29,704.0,1159.0,1
796,BIIB,2019-05-15,252.0,647.0,1
797,BIIB,2019-06-20,1098.0,1673.0,1
798,BIIB,2019-07-23,10903.0,20314.0,2
799,BIIB,2019-10-01,1382.0,2960.0,1
800,BIIB,2019-10-22,10862.0,20169.0,2
801,BIIB,2019-12-19,930.0,2608.0,1
802,BIIB,2020-01-30,9694.0,16571.0,1
803,BIIB,2020-02-03,10790.0,20844.0,1
804,BIIB,2020-02-06,10069.0,23176.0,1
805,BIIB,2020-04-17,478.0,1591.0,1
806,BIIB,2020-04-20,961.0,2653.0,1
807,BIIB,2020-04-22,6095.0,10354.0,1
808,BIIB,2020-04-23,11015.0,18610.0,1
809,BIIB,2020-04-30,5842.0,11996.0,1
810,GILD,0,10974.0,13245.0,44
811,GILD,2002-05-15,1337.0,1566.0,1
812,GILD,2002-08-13,9791.0,8535.0,1
813,GILD,2002-11-14,2983.0,4313.0,1
814,GILD,2003-03-13,11772.0,14771.0,1
815,GILD,2003-05-15,5454.0,11807.0,1
816,GILD,2003-08-13,7996.0,17181.0,1
817,GILD,2003-11-12,5105.0,10445.0,1
818,GILD,2004-03-11,8334.0,28577.0,1
819,GILD,2004-05-05,4332.0,9296.0,1
820,GILD,2004-08-06,6978.0,13616.0,1
821,GILD,2004-11-04,5788.0,11510.0,1
822,GILD,2005-02-14,146.0,165.0,1
823,GILD,2005-03-14,7886.0,28158.0,1
824,GILD,2005-05-06,11011.0,16792.0,1
825,GILD,2005-08-04,3107.0,6512.0,1
826,GILD,2005-11-04,9571.0,22940.0,1
827,GILD,2005-12-15,168.0,214.0,1
828,GILD,2005-12-27,12071.0,25051.0,1
829,GILD,2006-01-25,285.0,255.0,1
830,GILD,2006-01-30,1442.0,2726.0,1
831,GILD,2006-01-31,195.0,571.0,1
832,GILD,2006-02-06,140.0,209.0,1
833,GILD,2006-02-14,264.0,327.0,1
834,GILD,2006-03-03,9619.0,17433.0,1
835,GILD,2006-04-18,934.0,1907.0,2
836,GILD,2006-04-20,233.0,646.0,1
837,GILD,2006-04-25,13559.0,25439.0,1
838,GILD,2006-05-03,5699.0,10967.0,1
839,GILD,2006-05-11,5902.0,11273.0,1
840,GILD,2006-06-07,299.0,357.0,1
841,GILD,2006-07-19,285.0,333.0,1
842,GILD,2006-07-20,1129.0,2233.0,1
843,GILD,2006-08-04,10133.0,18140.0,2
844,GILD,2006-08-30,154.0,237.0,1
845,GILD,2006-10-02,590.0,923.0,1
846,GILD,2006-10-05,8494.0,10917.0,1
847,GILD,2006-10-18,1228.0,2419.0,1
848,GILD,2006-11-03,11806.0,20917.0,1
849,GILD,2006-11-17,287.0,626.0,1
850,GILD,2006-12-08,133.0,166.0,1
851,GILD,2006-12-22,142.0,192.0,1
852,GILD,2007-01-23,285.0,814.0,2
853,GILD,2007-01-25,256.0,616.0,1
854,GILD,2007-01-31,1199.0,2515.0,1
855,GILD,2007-02-14,239.0,225.0,1
856,GILD,2007-02-27,10037.0,18527.0,1
857,GILD,2007-03-13,86.0,173.0,1
858,GILD,2007-04-18,898.0,2066.0,1
859,GILD,2007-05-04,5468.0,10571.0,1
860,GILD,2007-05-11,4460.0,8342.0,1
861,GILD,2007-05-17,149.0,238.0,1
862,GILD,2007-05-30,154.0,262.0,1
863,GILD,2007-07-19,1237.0,2479.0,2
864,GILD,2007-07-31,161.0,261.0,1
865,GILD,2007-08-07,352.0,1196.0,1
866,GILD,2007-08-08,9480.0,17131.0,1
867,GILD,2007-10-18,1176.0,2371.0,1
868,GILD,2007-10-22,235.0,379.0,1
869,GILD,2007-10-25,146.0,234.0,1
870,GILD,2007-10-26,139.0,170.0,1
871,GILD,2007-11-02,6250.0,12112.0,1
872,GILD,2007-12-13,452.0,787.0,1
873,GILD,2007-12-19,1089.0,2417.0,2
874,GILD,2008-01-22,129.0,182.0,1
875,GILD,2008-01-23,1258.0,2637.0,1
876,GILD,2008-02-05,296.0,673.0,1
877,GILD,2008-02-27,10361.0,19372.0,1
878,GILD,2008-02-29,218.0,365.0,1
879,GILD,2008-03-06,87.0,151.0,1
880,GILD,2008-04-02,81.0,135.0,1
881,GILD,2008-04-16,922.0,2096.0,1
882,GILD,2008-04-22,230.0,373.0,1
883,GILD,2008-05-02,10893.0,20348.0,1
884,GILD,2008-05-09,2662.0,4710.0,1
885,GILD,2008-05-13,162.0,271.0,1
886,GILD,2008-05-22,159.0,272.0,1
887,GILD,2008-07-17,1287.0,2561.0,1
888,GILD,2008-08-05,250.0,343.0,1
889,GILD,2008-08-08,12181.0,22126.0,1
890,GILD,2008-10-16,1269.0,2531.0,1
891,GILD,2008-10-21,2486.0,2691.0,1
892,GILD,2008-10-23,265.0,341.0,1
893,GILD,2008-10-28,2106.0,3203.0,1
894,GILD,2008-10-31,6277.0,12349.0,1
895,GILD,2008-12-05,95.0,159.0,1
896,GILD,2008-12-09,90.0,157.0,1
897,GILD,2009-01-27,1333.0,2714.0,2
898,GILD,2009-02-27,10767.0,20100.0,1
899,GILD,2009-03-18,9887.0,13926.0,1
900,GILD,2009-04-20,126.0,169.0,1
901,GILD,2009-04-21,1076.0,2340.0,2
902,GILD,2009-05-07,6039.0,12846.0,1
903,GILD,2009-05-08,2436.0,4251.0,1
904,GILD,2009-07-16,314.0,469.0,1
905,GILD,2009-07-21,1470.0,2724.0,1
906,GILD,2009-08-03,249.0,310.0,1
907,GILD,2009-08-05,9902.0,18472.0,1
908,GILD,2009-08-17,133.0,174.0,1
909,GILD,2009-08-19,150.0,279.0,1
910,GILD,2009-08-27,74.0,126.0,1
911,GILD,2009-10-20,1501.0,2810.0,1
912,GILD,2009-11-05,8699.0,15839.0,1
913,GILD,2009-11-09,141.0,541.0,1
914,GILD,2010-01-26,1693.0,3172.0,1
915,GILD,2010-01-29,255.0,395.0,1
916,GILD,2010-02-01,553.0,1172.0,1
917,GILD,2010-03-01,9747.0,18304.0,1
918,GILD,2010-04-20,1137.0,2340.0,1
919,GILD,2010-05-06,99.0,135.0,1
920,GILD,2010-05-10,8957.0,16894.0,1
921,GILD,2010-05-11,306.0,419.0,1
922,GILD,2010-05-14,156.0,208.0,1
923,GILD,2010-06-28,348.0,465.0,1
924,GILD,2010-07-20,1622.0,2910.0,1
925,GILD,2010-07-26,2363.0,4562.0,1
926,GILD,2010-07-27,317.0,756.0,1
927,GILD,2010-07-30,13723.0,25329.0,1
928,GILD,2010-08-09,7854.0,14921.0,1
929,GILD,2010-08-11,485.0,953.0,1
930,GILD,2010-09-29,139.0,203.0,1
931,GILD,2010-10-19,1546.0,2886.0,1
932,GILD,2010-11-08,7515.0,14710.0,2
933,GILD,2010-12-22,412.0,550.0,1
934,GILD,2011-01-10,147.0,177.0,1
935,GILD,2011-01-25,1666.0,3163.0,3
936,GILD,2011-02-07,91.0,152.0,1
937,GILD,2011-02-14,270.0,239.0,1
938,GILD,2011-02-25,352.0,499.0,1
939,GILD,2011-02-28,9935.0,19186.0,1
940,GILD,2011-03-28,2374.0,3944.0,1
941,GILD,2011-04-01,7687.0,13410.0,1
942,GILD,2011-04-20,1381.0,2868.0,1
943,GILD,2011-05-09,7491.0,15284.0,1
944,GILD,2011-05-17,3446.0,6330.0,1
945,GILD,2011-06-10,133.0,185.0,1
946,GILD,2011-07-26,1636.0,2957.0,1
947,GILD,2011-08-05,7509.0,13889.0,1
948,GILD,2011-10-27,1692.0,3231.0,2
949,GILD,2011-11-04,7441.0,14260.0,1
950,GILD,2011-11-21,2083.0,2020.0,1
951,GILD,2011-11-25,9227.0,10233.0,1
952,GILD,2011-12-06,4356.0,7002.0,1
953,GILD,2011-12-08,2762.0,4416.0,1
954,GILD,2011-12-13,5012.0,8922.0,1
955,GILD,2012-01-17,15284.0,35414.0,2
956,GILD,2012-02-01,307.0,857.0,1
957,GILD,2012-02-02,1824.0,3512.0,1
958,GILD,2012-02-13,107.0,127.0,1
959,GILD,2012-02-23,10542.0,20748.0,1
960,GILD,2012-04-26,4499.0,5908.0,1
961,GILD,2012-05-04,13806.0,19170.0,1
962,GILD,2012-05-14,216.0,633.0,1
963,GILD,2012-07-19,304.0,481.0,1
964,GILD,2012-07-26,7448.0,10407.0,1
965,GILD,2012-08-01,13255.0,19355.0,1
966,GILD,2012-09-14,607.0,1016.0,1
967,GILD,2012-10-23,7500.0,10525.0,1
968,GILD,2012-11-06,13271.0,19297.0,1
969,GILD,2012-11-13,186.0,198.0,1
970,GILD,2012-12-10,179.0,210.0,1
971,GILD,2012-12-12,887.0,817.0,1
972,GILD,2013-01-31,203.0,230.0,1
973,GILD,2013-02-04,8372.0,11612.0,1
974,GILD,2013-02-05,954.0,1489.0,1
975,GILD,2013-02-13,123.0,148.0,2
976,GILD,2013-02-14,292.0,252.0,1
977,GILD,2013-02-27,14692.0,22007.0,1
978,GILD,2013-05-02,4273.0,7382.0,1
979,GILD,2013-05-08,13240.0,19107.0,1
980,GILD,2013-05-13,4214.0,4491.0,1
981,GILD,2013-07-25,6270.0,11996.0,1
982,GILD,2013-08-01,13019.0,19057.0,1
983,GILD,2013-08-09,232.0,378.0,1
984,GILD,2013-10-29,6374.0,12429.0,1
985,GILD,2013-10-31,13111.0,19253.0,1
986,GILD,2014-01-08,201.0,362.0,1
987,GILD,2014-01-29,770.0,1152.0,1
988,GILD,2014-02-04,8760.0,13387.0,1
989,GILD,2014-02-11,179.0,667.0,1
990,GILD,2014-02-25,14952.0,22104.0,1
991,GILD,2014-03-07,5462.0,10365.0,1
992,GILD,2014-04-22,4537.0,8530.0,1
993,GILD,2014-05-07,13156.0,19467.0,1
994,GILD,2014-05-08,1139.0,1659.0,1
995,GILD,2014-06-02,252.0,420.0,1
996,GILD,2014-07-23,7070.0,14067.0,1
997,GILD,2014-08-04,13121.0,19309.0,1
998,GILD,2014-08-14,248.0,416.0,1
999,GILD,2014-10-28,7006.0,14041.0,1
1000,GILD,2014-11-05,13092.0,19248.0,1
1001,GILD,2014-11-17,7223.0,14639.0,1
1002,GILD,2014-12-01,255.0,444.0,1
1003,GILD,2015-01-28,241.0,328.0,1
1004,GILD,2015-02-03,8451.0,12801.0,1
1005,GILD,2015-02-10,127.0,1091.0,1
1006,GILD,2015-02-25,14866.0,21915.0,1
1007,GILD,2015-04-30,5073.0,7754.0,1
1008,GILD,2015-05-08,12954.0,19237.0,2
1009,GILD,2015-07-28,8571.0,13538.0,1
1010,GILD,2015-08-05,13015.0,18970.0,1
1011,GILD,2015-09-14,9689.0,19381.0,1
1012,GILD,2015-10-27,8361.0,13173.0,1
1013,GILD,2015-11-04,13023.0,18915.0,1
1014,GILD,2015-12-23,3133.0,5751.0,1
1015,GILD,2016-01-27,379.0,1054.0,1
1016,GILD,2016-02-02,8471.0,12510.0,1
1017,GILD,2016-02-03,234.0,718.0,1
1018,GILD,2016-02-24,14480.0,21228.0,1
1019,GILD,2016-03-11,4820.0,7469.0,1
1020,GILD,2016-04-28,5691.0,8564.0,1
1021,GILD,2016-05-06,13075.0,19052.0,1
1022,GILD,2016-05-17,794.0,1596.0,1
1023,GILD,2016-05-25,113.0,424.0,1
1024,GILD,2016-07-25,9753.0,15545.0,1
1025,GILD,2016-08-05,13225.0,18983.0,1
1026,GILD,2016-08-23,216.0,298.0,1
1027,GILD,2016-09-20,8918.0,18338.0,1
1028,GILD,2016-11-01,9790.0,15797.0,1
1029,GILD,2016-11-07,13170.0,18863.0,1
1030,GILD,2017-02-07,9893.0,15430.0,1
1031,GILD,2017-02-08,195.0,277.0,1
1032,GILD,2017-02-21,109.0,153.0,1
1033,GILD,2017-02-27,15735.0,20991.0,1
1034,GILD,2017-05-02,6246.0,9947.0,1
1035,GILD,2017-05-09,13270.0,19123.0,1
1036,GILD,2017-05-12,2522.0,4860.0,1
1037,GILD,2017-07-26,9829.0,15874.0,1
1038,GILD,2017-08-07,13259.0,19087.0,1
1039,GILD,2017-08-28,9568.0,13985.0,1
1040,GILD,2017-09-13,9613.0,21231.0,1
1041,GILD,2017-09-20,4224.0,8642.0,1
1042,GILD,2017-09-21,4941.0,10678.0,1
1043,GILD,2017-09-28,83.0,369.0,1
1044,GILD,2017-10-26,10662.0,17276.0,1
1045,GILD,2017-11-06,13267.0,18951.0,1
1046,GILD,2017-12-15,151.0,273.0,1
1047,GILD,2018-02-05,385.0,1334.0,1
1048,GILD,2018-02-06,10977.0,17009.0,1
1049,GILD,2018-02-26,16024.0,20708.0,1
1050,GILD,2018-05-01,6688.0,10586.0,1
1051,GILD,2018-05-08,13042.0,18730.0,1
1052,GILD,2018-05-11,389.0,1518.0,1
1053,GILD,2018-07-25,11591.0,17731.0,1
1054,GILD,2018-07-26,244.0,814.0,1
1055,GILD,2018-08-06,12947.0,18253.0,1
1056,GILD,2018-08-07,1453.0,3435.0,1
1057,GILD,2018-09-18,151.0,458.0,1
1058,GILD,2018-10-25,11817.0,18173.0,1
1059,GILD,2018-11-06,12922.0,18262.0,1
1060,GILD,2018-12-10,1137.0,2444.0,1
1061,GILD,2019-01-28,262.0,1103.0,1
1062,GILD,2019-02-04,12605.0,19279.0,1
1063,GILD,2019-02-13,284.0,1137.0,2
1064,GILD,2019-02-25,15440.0,19716.0,1
1065,GILD,2019-03-01,81.0,319.0,1
1066,GILD,2019-05-01,216.0,732.0,1
1067,GILD,2019-05-02,7437.0,11429.0,1
1068,GILD,2019-05-03,396.0,1575.0,1
1069,GILD,2019-05-07,12749.0,18377.0,1
1070,GILD,2019-05-09,4534.0,9503.0,1
1071,GILD,2019-05-29,253.0,859.0,1
1072,GILD,2019-07-17,222.0,738.0,2
1073,GILD,2019-07-18,931.0,1872.0,1
1074,GILD,2019-07-30,11929.0,18541.0,1
1075,GILD,2019-08-06,12403.0,21571.0,1
1076,GILD,2019-08-27,1684.0,3626.0,1
1077,GILD,2019-10-15,1738.0,3710.0,1
1078,GILD,2019-10-24,12113.0,19090.0,1
1079,GILD,2019-11-05,12546.0,21537.0,1
1080,GILD,2020-01-31,1506.0,3405.0,1
1081,GILD,2020-02-04,12392.0,19111.0,1
1082,GILD,2020-02-10,255.0,934.0,1
1083,GILD,2020-02-24,14399.0,22880.0,1
1084,GILD,2020-03-02,11107.0,16617.0,1
1085,GILD,2020-04-30,7650.0,12449.0,1
1086,GILD,2020-05-05,12782.0,20166.0,1
1087,GILD,2020-05-08,1503.0,3288.0,1
1088,INCY,0,6767.0,8440.0,47
1089,INCY,2002-05-15,3697.0,5366.0,1
1090,INCY,2002-06-27,354.0,268.0,1
1091,INCY,2002-07-10,142.0,165.0,1
1092,INCY,2002-08-14,5777.0,7876.0,1
1093,INCY,2002-11-14,6011.0,8553.0,1
1094,INCY,2002-12-09,91.0,150.0,1
1095,INCY,2002-12-19,81.0,121.0,1
1096,INCY,2003-02-13,594.0,567.0,1
1097,INCY,2003-02-24,7639.0,15893.0,1
1098,INCY,2003-03-28,7070.0,25802.0,1
1099,INCY,2003-05-05,582.0,2476.0,1
1100,INCY,2003-05-14,5006.0,16501.0,1
1101,INCY,2003-07-16,135.0,158.0,1
1102,INCY,2003-07-30,560.0,1328.0,1
1103,INCY,2003-08-13,10783.0,24708.0,1
1104,INCY,2003-09-08,239.0,758.0,1
1105,INCY,2003-09-26,268.0,284.0,1
1106,INCY,2003-11-04,476.0,1295.0,1
1107,INCY,2003-11-13,5341.0,12722.0,1
1108,INCY,2004-02-02,605.0,1427.0,2
1109,INCY,2004-02-11,2295.0,4945.0,1
1110,INCY,2004-02-12,115.0,517.0,1
1111,INCY,2004-02-17,673.0,636.0,1
1112,INCY,2004-03-08,117.0,524.0,1
1113,INCY,2004-03-15,9008.0,18978.0,1
1114,INCY,2004-05-04,477.0,1445.0,1
1115,INCY,2004-05-07,4894.0,11117.0,1
1116,INCY,2004-07-09,535.0,372.0,1
1117,INCY,2004-08-04,453.0,1223.0,1
1118,INCY,2004-08-06,6841.0,15070.0,1
1119,INCY,2004-11-02,1688.0,3810.0,1
1120,INCY,2004-11-04,538.0,1617.0,1
1121,INCY,2004-11-05,6501.0,14186.0,1
1122,INCY,2005-02-14,122.0,157.0,1
1123,INCY,2005-02-28,715.0,1936.0,1
1124,INCY,2005-03-11,8962.0,18833.0,1
1125,INCY,2005-03-30,140.0,487.0,1
1126,INCY,2005-05-04,440.0,1385.0,1
1127,INCY,2005-05-06,4191.0,9374.0,1
1128,INCY,2005-05-20,88.0,377.0,1
1129,INCY,2005-06-06,107.0,428.0,1
1130,INCY,2005-07-25,264.0,744.0,1
1131,INCY,2005-08-01,1091.0,2365.0,1
1132,INCY,2005-08-05,8298.0,16349.0,1
1133,INCY,2005-08-17,46.0,67.0,1
1134,INCY,2005-09-28,78.0,417.0,1
1135,INCY,2005-10-04,45.0,67.0,1
1136,INCY,2005-10-20,45.0,66.0,1
1137,INCY,2005-11-01,7289.0,14269.0,2
1138,INCY,2005-11-21,378.0,1213.0,1
1139,INCY,2006-01-11,266.0,1116.0,1
1140,INCY,2006-02-14,143.0,189.0,1
1141,INCY,2006-02-16,1262.0,2840.0,1
1142,INCY,2006-03-03,7457.0,29120.0,1
1143,INCY,2006-03-16,81.0,535.0,1
1144,INCY,2006-04-03,92.0,501.0,1
1145,INCY,2006-04-27,45.0,66.0,1
1146,INCY,2006-05-04,6466.0,13496.0,2
1147,INCY,2006-05-25,110.0,428.0,1
1148,INCY,2006-07-27,652.0,4125.0,1
1149,INCY,2006-08-01,6032.0,24536.0,1
1150,INCY,2006-09-19,981.0,1881.0,1
1151,INCY,2006-09-21,175.0,712.0,1
1152,INCY,2006-09-28,10980.0,18723.0,1
1153,INCY,2006-11-02,5179.0,24083.0,2
1154,INCY,2007-01-23,320.0,319.0,1
1155,INCY,2007-02-13,45.0,66.0,1
1156,INCY,2007-02-14,155.0,184.0,1
1157,INCY,2007-02-15,806.0,4789.0,1
1158,INCY,2007-02-28,6465.0,29273.0,1
1159,INCY,2007-03-19,173.0,629.0,1
1160,INCY,2007-05-03,4081.0,17444.0,2
1161,INCY,2007-05-25,91.0,403.0,1
1162,INCY,2007-07-26,684.0,3620.0,1
1163,INCY,2007-07-31,5374.0,21840.0,1
1164,INCY,2007-10-10,194.0,716.0,1
1165,INCY,2007-11-01,6420.0,13232.0,2
1166,INCY,2007-12-21,134.0,798.0,1
1167,INCY,2008-01-14,44.0,66.0,1
1168,INCY,2008-02-13,43.0,70.0,1
1169,INCY,2008-02-14,1259.0,3554.0,1
1170,INCY,2008-03-06,9095.0,10893.0,1
1171,INCY,2008-03-20,1184.0,7081.0,1
1172,INCY,2008-04-30,5856.0,12230.0,2
1173,INCY,2008-05-28,159.0,623.0,1
1174,INCY,2008-07-28,890.0,918.0,1
1175,INCY,2008-07-29,8316.0,16523.0,2
1176,INCY,2008-08-01,2619.0,4188.0,1
1177,INCY,2008-08-06,85.0,503.0,1
1178,INCY,2008-08-07,265.0,327.0,1
1179,INCY,2008-09-18,2125.0,3679.0,1
1180,INCY,2008-11-06,7329.0,14516.0,2
1181,INCY,2009-01-05,108.0,446.0,1
1182,INCY,2009-02-05,429.0,439.0,1
1183,INCY,2009-02-06,75.0,390.0,1
1184,INCY,2009-02-10,43.0,69.0,1
1185,INCY,2009-02-18,984.0,2676.0,1
1186,INCY,2009-03-03,12216.0,13009.0,1
1187,INCY,2009-03-12,129.0,629.0,1
1188,INCY,2009-05-07,6208.0,13304.0,2
1189,INCY,2009-05-21,137.0,492.0,1
1190,INCY,2009-05-28,244.0,771.0,1
1191,INCY,2009-07-21,386.0,857.0,1
1192,INCY,2009-07-30,8963.0,17066.0,2
1193,INCY,2009-09-18,692.0,2185.0,1
1194,INCY,2009-09-22,155.0,631.0,1
1195,INCY,2009-09-25,2695.0,4180.0,1
1196,INCY,2009-09-30,10532.0,18993.0,1
1197,INCY,2009-11-05,8525.0,16438.0,2
1198,INCY,2009-11-25,268.0,1010.0,2
1199,INCY,2009-12-21,360.0,1178.0,1
1200,INCY,2010-01-29,245.0,358.0,1
1201,INCY,2010-02-16,166.0,169.0,1
1202,INCY,2010-02-18,1446.0,3852.0,1
1203,INCY,2010-02-23,98.0,439.0,1
1204,INCY,2010-03-05,12312.0,12892.0,1
1205,INCY,2010-03-24,138.0,517.0,1
1206,INCY,2010-05-06,7192.0,13900.0,2
1207,INCY,2010-05-20,4040.0,11606.0,1
1208,INCY,2010-05-25,84.0,416.0,1
1209,INCY,2010-08-05,8933.0,17186.0,2
1210,INCY,2010-09-14,437.0,902.0,1
1211,INCY,2010-11-02,139.0,543.0,1
1212,INCY,2010-11-09,8163.0,15450.0,2
1213,INCY,2010-12-21,443.0,1134.0,1
1214,INCY,2011-01-13,98.0,428.0,1
1215,INCY,2011-02-09,75.0,395.0,1
1216,INCY,2011-02-10,1182.0,2895.0,2
1217,INCY,2011-02-11,113.0,153.0,1
1218,INCY,2011-02-23,12550.0,13082.0,1
1219,INCY,2011-03-11,129.0,491.0,1
1220,INCY,2011-03-16,301.0,825.0,1
1221,INCY,2011-05-03,9747.0,18715.0,2
1222,INCY,2011-05-25,4205.0,10423.0,1
1223,INCY,2011-06-07,186.0,699.0,1
1224,INCY,2011-07-28,9420.0,17725.0,2
1225,INCY,2011-08-03,171.0,656.0,1
1226,INCY,2011-10-27,9571.0,18192.0,2
1227,INCY,2011-11-16,67.0,410.0,1
1228,INCY,2011-12-20,85.0,435.0,1
1229,INCY,2012-02-09,221.0,286.0,1
1230,INCY,2012-02-15,1352.0,2963.0,1
1231,INCY,2012-02-22,13759.0,14200.0,1
1232,INCY,2012-03-09,136.0,501.0,1
1233,INCY,2012-04-18,87.0,447.0,1
1234,INCY,2012-04-20,279.0,736.0,1
1235,INCY,2012-04-26,10373.0,19324.0,2
1236,INCY,2012-06-04,2538.0,6817.0,1
1237,INCY,2012-08-02,1446.0,3246.0,1
1238,INCY,2012-08-03,9757.0,18103.0,1
1239,INCY,2012-08-29,83.0,428.0,1
1240,INCY,2012-11-01,9842.0,18372.0,2
1241,INCY,2012-11-15,73.0,384.0,1
1242,INCY,2013-02-14,1399.0,3167.0,2
1243,INCY,2013-02-21,13507.0,13848.0,1
1244,INCY,2013-03-18,97.0,403.0,1
1245,INCY,2013-03-22,128.0,483.0,1
1246,INCY,2013-04-18,1767.0,3352.0,1
1247,INCY,2013-05-02,10128.0,18827.0,2
1248,INCY,2013-05-28,94.0,424.0,1
1249,INCY,2013-06-05,2914.0,9102.0,1
1250,INCY,2013-08-01,9987.0,17685.0,2
1251,INCY,2013-09-17,97.0,434.0,1
1252,INCY,2013-10-31,9956.0,18050.0,2
1253,INCY,2013-11-06,174.0,650.0,1
1254,INCY,2013-11-08,206.0,690.0,1
1255,INCY,2013-11-14,9851.0,18431.0,1
1256,INCY,2014-01-13,2560.0,5484.0,1
1257,INCY,2014-01-23,238.0,716.0,1
1258,INCY,2014-02-11,225.0,328.0,1
1259,INCY,2014-02-12,1723.0,3723.0,1
1260,INCY,2014-02-21,12420.0,12643.0,1
1261,INCY,2014-03-10,134.0,497.0,1
1262,INCY,2014-05-01,10135.0,18633.0,2
1263,INCY,2014-05-29,2913.0,8016.0,1
1264,INCY,2014-07-31,9866.0,17664.0,2
1265,INCY,2014-10-02,189.0,641.0,1
1266,INCY,2014-10-17,271.0,865.0,1
1267,INCY,2014-10-30,9295.0,16989.0,2
1268,INCY,2015-01-09,241.0,781.0,2
1269,INCY,2015-01-26,128.0,465.0,1
1270,INCY,2015-02-06,224.0,333.0,2
1271,INCY,2015-02-10,121.0,1101.0,1
1272,INCY,2015-02-12,1365.0,3128.0,1
1273,INCY,2015-02-17,12316.0,14432.0,1
1274,INCY,2015-02-20,103.0,402.0,2
1275,INCY,2015-04-13,94.0,376.0,1
1276,INCY,2015-04-17,198.0,795.0,1
1277,INCY,2015-04-30,10033.0,18592.0,2
1278,INCY,2015-05-04,78.0,406.0,1
1279,INCY,2015-05-22,262.0,918.0,1
1280,INCY,2015-06-19,63.0,361.0,1
1281,INCY,2015-08-04,8981.0,16954.0,2
1282,INCY,2015-08-25,4785.0,10282.0,1
1283,INCY,2015-09-02,253.0,944.0,1
1284,INCY,2015-11-03,17529.0,22806.0,2
1285,INCY,2016-01-19,73.0,413.0,1
1286,INCY,2016-01-26,129.0,438.0,1
1287,INCY,2016-02-11,1681.0,3926.0,1
1288,INCY,2016-02-12,18643.0,22595.0,1
1289,INCY,2016-02-29,64.0,361.0,1
1290,INCY,2016-04-06,119.0,442.0,1
1291,INCY,2016-04-18,66.0,358.0,1
1292,INCY,2016-05-09,17202.0,22497.0,2
1293,INCY,2016-05-27,3594.0,9229.0,1
1294,INCY,2016-06-01,149.0,556.0,1
1295,INCY,2016-07-19,329.0,959.0,1
1296,INCY,2016-08-09,17471.0,22102.0,2
1297,INCY,2016-11-01,16364.0,21915.0,2
1298,INCY,2016-12-16,89.0,427.0,1
1299,INCY,2016-12-21,807.0,1547.0,1
1300,INCY,2017-01-23,113.0,423.0,2
1301,INCY,2017-01-31,266.0,1093.0,1
1302,INCY,2017-02-14,18809.0,22461.0,3
1303,INCY,2017-02-21,525.0,1675.0,1
1304,INCY,2017-04-17,86.0,423.0,1
1305,INCY,2017-05-04,17213.0,23314.0,2
1306,INCY,2017-05-30,246.0,830.0,1
1307,INCY,2017-08-01,17251.0,23174.0,2
1308,INCY,2017-09-12,2426.0,3628.0,1
1309,INCY,2017-10-27,386.0,1088.0,1
1310,INCY,2017-10-30,100.0,479.0,1
1311,INCY,2017-10-31,16742.0,22550.0,2
1312,INCY,2017-11-17,1663.0,3103.0,1
1313,INCY,2018-02-14,117.0,148.0,1
1314,INCY,2018-02-15,18403.0,22390.0,2
1315,INCY,2018-04-06,83.0,389.0,1
1316,INCY,2018-05-01,16474.0,22556.0,2
1317,INCY,2018-05-02,2555.0,6775.0,1
1318,INCY,2018-07-31,16394.0,22249.0,2
1319,INCY,2018-09-06,78.0,406.0,1
1320,INCY,2018-10-30,16450.0,22186.0,2
1321,INCY,2018-11-27,72.0,391.0,1
1322,INCY,2019-01-03,206.0,653.0,1
1323,INCY,2019-01-31,511.0,1699.0,1
1324,INCY,2019-02-14,18806.0,22526.0,2
1325,INCY,2019-04-30,16377.0,21981.0,3
1326,INCY,2019-07-30,10746.0,28045.0,2
1327,INCY,2019-10-29,9877.0,27964.0,2
1328,INCY,2019-12-19,1221.0,3092.0,1
1329,INCY,2020-01-16,1837.0,4161.0,1
1330,INCY,2020-02-13,15174.0,29316.0,2
1331,INCY,2020-03-26,1251.0,3099.0,1
1332,INCY,2020-04-20,1239.0,3061.0,1
1333,INCY,2020-05-05,10972.0,27682.0,2
1334,INCY,2020-05-14,1233.0,3040.0,1
1335,REGN,0,5499.0,6887.0,34
1336,REGN,2002-08-13,8445.0,9773.0,1
1337,REGN,2002-11-12,2525.0,3454.0,1
1338,REGN,2003-03-31,10155.0,12115.0,1
1339,REGN,2003-04-08,130.0,152.0,1
1340,REGN,2003-05-15,14559.0,15427.0,1
1341,REGN,2003-08-14,3099.0,4217.0,1
1342,REGN,2003-09-12,458.0,1762.0,1
1343,REGN,2003-11-12,13797.0,15597.0,1
1344,REGN,2004-03-12,9071.0,11659.0,1
1345,REGN,2004-05-06,4414.0,5421.0,1
1346,REGN,2004-08-05,5348.0,6283.0,1
1347,REGN,2004-11-08,5376.0,6139.0,1
1348,REGN,2005-02-14,138.0,180.0,2
1349,REGN,2005-03-11,14361.0,20641.0,1
1350,REGN,2005-04-01,167.0,147.0,1
1351,REGN,2005-04-28,497.0,788.0,1
1352,REGN,2005-05-09,5771.0,7415.0,1
1353,REGN,2005-05-17,270.0,451.0,1
1354,REGN,2005-07-01,157.0,191.0,1
1355,REGN,2005-08-04,825.0,1576.0,1
1356,REGN,2005-08-08,7296.0,9821.0,1
1357,REGN,2005-09-26,338.0,620.0,1
1358,REGN,2005-11-03,1162.0,1836.0,1
1359,REGN,2005-11-04,6771.0,9300.0,1
1360,REGN,2005-12-16,1039.0,1292.0,1
1361,REGN,2005-12-22,160.0,236.0,1
1362,REGN,2005-12-23,200.0,266.0,1
1363,REGN,2006-01-25,2114.0,3348.0,1
1364,REGN,2006-01-26,270.0,291.0,1
1365,REGN,2006-01-31,117.0,212.0,1
1366,REGN,2006-02-03,290.0,498.0,1
1367,REGN,2006-02-09,569.0,632.0,1
1368,REGN,2006-02-24,122.0,212.0,2
1369,REGN,2006-02-28,12649.0,16782.0,1
1370,REGN,2006-04-19,271.0,506.0,1
1371,REGN,2006-05-02,378.0,588.0,1
1372,REGN,2006-05-04,736.0,1233.0,1
1373,REGN,2006-05-08,5233.0,7480.0,1
1374,REGN,2006-06-01,237.0,483.0,1
1375,REGN,2006-06-09,541.0,1269.0,1
1376,REGN,2006-08-03,919.0,1478.0,1
1377,REGN,2006-08-08,6145.0,8701.0,1
1378,REGN,2006-09-08,339.0,610.0,1
1379,REGN,2006-10-18,432.0,684.0,1
1380,REGN,2006-10-31,380.0,652.0,1
1381,REGN,2006-11-06,16052.0,21127.0,1
1382,REGN,2006-11-07,947.0,1604.0,1
1383,REGN,2006-11-15,1820.0,2474.0,1
1384,REGN,2006-11-20,191.0,356.0,1
1385,REGN,2006-12-22,12328.0,18566.0,1
1386,REGN,2007-01-23,316.0,336.0,1
1387,REGN,2007-02-06,351.0,521.0,1
1388,REGN,2007-02-14,151.0,183.0,1
1389,REGN,2007-03-02,1004.0,1693.0,1
1390,REGN,2007-03-12,13025.0,17405.0,1
1391,REGN,2007-04-03,313.0,536.0,1
1392,REGN,2007-05-03,847.0,1604.0,1
1393,REGN,2007-05-04,8596.0,11289.0,1
1394,REGN,2007-06-08,539.0,1364.0,1
1395,REGN,2007-08-01,875.0,1394.0,1
1396,REGN,2007-08-03,6706.0,9259.0,1
1397,REGN,2007-08-13,433.0,760.0,1
1398,REGN,2007-10-01,472.0,693.0,1
1399,REGN,2007-10-29,108.0,193.0,1
1400,REGN,2007-11-02,229.0,437.0,1
1401,REGN,2007-11-06,967.0,1445.0,1
1402,REGN,2007-11-07,6970.0,9672.0,1
1403,REGN,2007-11-13,1246.0,1848.0,1
1404,REGN,2007-11-29,572.0,882.0,1
1405,REGN,2007-12-21,228.0,429.0,2
1406,REGN,2008-02-05,92.0,141.0,1
1407,REGN,2008-02-06,447.0,473.0,1
1408,REGN,2008-02-27,13830.0,18299.0,1
1409,REGN,2008-02-28,1070.0,1693.0,1
1410,REGN,2008-02-29,370.0,637.0,1
1411,REGN,2008-04-08,120.0,259.0,1
1412,REGN,2008-05-02,6058.0,8479.0,2
1413,REGN,2008-05-21,441.0,734.0,1
1414,REGN,2008-06-04,100.0,195.0,1
1415,REGN,2008-06-09,388.0,1217.0,1
1416,REGN,2008-06-17,2456.0,2075.0,1
1417,REGN,2008-07-03,136.0,228.0,1
1418,REGN,2008-07-31,853.0,1522.0,1
1419,REGN,2008-08-01,10123.0,12792.0,1
1420,REGN,2008-09-04,867.0,1941.0,1
1421,REGN,2008-11-04,1037.0,1755.0,1
1422,REGN,2008-11-05,8413.0,11646.0,1
1423,REGN,2008-11-20,167.0,237.0,1
1424,REGN,2009-01-09,604.0,1504.0,1
1425,REGN,2009-02-05,424.0,455.0,1
1426,REGN,2009-02-26,13785.0,13208.0,2
1427,REGN,2009-04-30,9964.0,10444.0,1
1428,REGN,2009-05-01,809.0,997.0,1
1429,REGN,2009-06-11,271.0,301.0,2
1430,REGN,2009-08-04,13323.0,13451.0,2
1431,REGN,2009-09-14,579.0,748.0,1
1432,REGN,2009-11-03,8954.0,9743.0,1
1433,REGN,2009-11-04,1072.0,1282.0,1
1434,REGN,2009-11-12,458.0,563.0,1
1435,REGN,2009-12-08,1249.0,1069.0,1
1436,REGN,2010-01-29,241.0,364.0,1
1437,REGN,2010-02-11,140.0,187.0,1
1438,REGN,2010-02-16,849.0,904.0,2
1439,REGN,2010-02-18,12188.0,13041.0,1
1440,REGN,2010-02-19,1184.0,1684.0,1
1441,REGN,2010-04-29,7630.0,9562.0,2
1442,REGN,2010-05-13,325.0,610.0,1
1443,REGN,2010-06-10,551.0,1645.0,1
1444,REGN,2010-06-14,117.0,241.0,1
1445,REGN,2010-07-28,9994.0,11950.0,1
1446,REGN,2010-07-29,1547.0,2111.0,1
1447,REGN,2010-10-13,2149.0,2397.0,1
1448,REGN,2010-10-28,10606.0,14700.0,2
1449,REGN,2010-11-15,275.0,496.0,1
1450,REGN,2010-11-22,729.0,958.0,1
1451,REGN,2010-12-20,725.0,908.0,1
1452,REGN,2010-12-27,135.0,809.0,1
1453,REGN,2011-02-17,11588.0,13736.0,2
1454,REGN,2011-02-28,853.0,1085.0,1
1455,REGN,2011-03-10,389.0,631.0,1
1456,REGN,2011-04-18,288.0,446.0,1
1457,REGN,2011-04-26,371.0,595.0,1
1458,REGN,2011-04-27,470.0,645.0,1
1459,REGN,2011-05-03,10521.0,13237.0,2
1460,REGN,2011-06-14,192.0,325.0,1
1461,REGN,2011-06-20,318.0,477.0,1
1462,REGN,2011-06-27,144.0,1001.0,1
1463,REGN,2011-07-08,100.0,144.0,1
1464,REGN,2011-07-28,9991.0,12103.0,2
1465,REGN,2011-08-17,265.0,431.0,1
1466,REGN,2011-08-22,150.0,772.0,1
1467,REGN,2011-09-26,132.0,1045.0,1
1468,REGN,2011-10-17,384.0,827.0,1
1469,REGN,2011-10-18,469.0,965.0,1
1470,REGN,2011-10-24,13749.0,25254.0,1
1471,REGN,2011-10-27,10183.0,12159.0,2
1472,REGN,2011-11-03,81.0,199.0,1
1473,REGN,2011-11-14,132.0,1048.0,1
1474,REGN,2011-11-18,762.0,895.0,1
1475,REGN,2011-11-22,256.0,463.0,1
1476,REGN,2011-12-05,505.0,712.0,1
1477,REGN,2011-12-21,66.0,165.0,1
1478,REGN,2012-01-03,241.0,415.0,1
1479,REGN,2012-01-09,157.0,1038.0,1
1480,REGN,2012-02-07,450.0,416.0,1
1481,REGN,2012-02-13,1246.0,1795.0,1
1482,REGN,2012-02-21,14364.0,15557.0,1
1483,REGN,2012-04-26,11878.0,17581.0,2
1484,REGN,2012-05-08,505.0,1025.0,1
1485,REGN,2012-06-14,117.0,453.0,1
1486,REGN,2012-07-25,14113.0,13851.0,2
1487,REGN,2012-10-24,13778.0,20093.0,2
1488,REGN,2013-01-08,1262.0,1029.0,1
1489,REGN,2013-02-14,1044.0,2266.0,1
1490,REGN,2013-02-15,16810.0,21272.0,1
1491,REGN,2013-04-02,70.0,354.0,1
1492,REGN,2013-04-09,93.0,378.0,1
1493,REGN,2013-05-03,13923.0,20810.0,2
1494,REGN,2013-05-06,278.0,748.0,1
1495,REGN,2013-05-20,170.0,576.0,1
1496,REGN,2013-06-19,114.0,453.0,1
1497,REGN,2013-08-06,13795.0,20656.0,2
1498,REGN,2013-09-12,394.0,1145.0,1
1499,REGN,2013-10-02,1495.0,1077.0,1
1500,REGN,2013-11-05,13953.0,20601.0,2
1501,REGN,2014-01-13,3301.0,5561.0,1
1502,REGN,2014-01-14,2435.0,1730.0,1
1503,REGN,2014-01-16,217.0,523.0,1
1504,REGN,2014-02-05,90.0,391.0,1
1505,REGN,2014-02-11,4599.0,7362.0,1
1506,REGN,2014-02-13,16737.0,21565.0,1
1507,REGN,2014-03-04,1750.0,1089.0,1
1508,REGN,2014-04-09,116.0,436.0,1
1509,REGN,2014-05-08,13988.0,19580.0,2
1510,REGN,2014-05-19,137.0,418.0,1
1511,REGN,2014-06-18,2053.0,3784.0,1
1512,REGN,2014-08-05,13585.0,19183.0,2
1513,REGN,2014-08-07,382.0,1017.0,1
1514,REGN,2014-11-04,13208.0,19448.0,2
1515,REGN,2014-11-21,110.0,410.0,1
1516,REGN,2014-11-26,169.0,476.0,1
1517,REGN,2014-12-22,82.0,354.0,1
1518,REGN,2015-01-13,793.0,3606.0,1
1519,REGN,2015-02-10,4668.0,7554.0,1
1520,REGN,2015-02-12,16823.0,21605.0,3
1521,REGN,2015-02-27,121.0,454.0,1
1522,REGN,2015-03-05,175.0,473.0,1
1523,REGN,2015-03-16,1604.0,4841.0,1
1524,REGN,2015-03-23,10545.0,18800.0,1
1525,REGN,2015-05-07,13980.0,19421.0,2
1526,REGN,2015-06-17,811.0,1679.0,1
1527,REGN,2015-07-31,274.0,698.0,1
1528,REGN,2015-08-04,13687.0,19412.0,2
1529,REGN,2015-08-06,156.0,442.0,1
1530,REGN,2015-10-02,96.0,437.0,1
1531,REGN,2015-11-04,13848.0,19566.0,2
1532,REGN,2015-11-13,62.0,345.0,1
1533,REGN,2015-11-16,172.0,458.0,1
1534,REGN,2015-11-19,1704.0,3427.0,1
1535,REGN,2016-01-12,1124.0,2674.0,1
1536,REGN,2016-02-02,185.0,625.0,1
1537,REGN,2016-02-09,4735.0,7648.0,1
1538,REGN,2016-02-11,17453.0,22300.0,1
1539,REGN,2016-02-19,58.0,330.0,1
1540,REGN,2016-02-24,156.0,453.0,1
1541,REGN,2016-03-29,165.0,462.0,1
1542,REGN,2016-05-05,14475.0,20153.0,2
1543,REGN,2016-05-11,248.0,1052.0,1
1544,REGN,2016-06-15,180.0,588.0,1
1545,REGN,2016-08-04,14336.0,20089.0,2
1546,REGN,2016-09-14,85.0,380.0,1
1547,REGN,2016-09-20,124.0,491.0,1
1548,REGN,2016-10-28,123.0,427.0,1
1549,REGN,2016-11-04,14527.0,19996.0,2
1550,REGN,2016-11-14,101.0,362.0,1
1551,REGN,2016-11-18,124.0,419.0,1
1552,REGN,2016-11-25,138.0,423.0,1
1553,REGN,2016-12-21,1264.0,2518.0,1
1554,REGN,2016-12-30,164.0,471.0,1
1555,REGN,2017-01-09,1331.0,3010.0,1
1556,REGN,2017-01-31,100.0,424.0,1
1557,REGN,2017-02-07,643.0,1900.0,1
1558,REGN,2017-02-09,17085.0,22286.0,3
1559,REGN,2017-03-09,10696.0,19257.0,1
1560,REGN,2017-05-04,14376.0,19931.0,2
1561,REGN,2017-06-14,413.0,1066.0,1
1562,REGN,2017-08-03,14202.0,19591.0,2
1563,REGN,2017-11-08,14395.0,19632.0,2
1564,REGN,2018-01-02,74.0,394.0,1
1565,REGN,2018-01-08,1795.0,3375.0,1
1566,REGN,2018-01-18,77.0,370.0,1
1567,REGN,2018-02-08,17000.0,22418.0,2
1568,REGN,2018-02-09,513.0,1741.0,1
1569,REGN,2018-05-03,13682.0,20273.0,2
1570,REGN,2018-06-13,202.0,561.0,1
1571,REGN,2018-08-02,13495.0,19696.0,2
1572,REGN,2018-10-12,1436.0,3107.0,1
1573,REGN,2018-11-06,13566.0,19624.0,2
1574,REGN,2018-12-17,11649.0,18611.0,1
1575,REGN,2019-01-07,2248.0,4246.0,1
1576,REGN,2019-02-06,6550.0,10504.0,1
1577,REGN,2019-02-07,15534.0,22968.0,1
1578,REGN,2019-02-13,100.0,156.0,1
1579,REGN,2019-04-10,481.0,885.0,1
1580,REGN,2019-05-03,18759.0,22845.0,1
1581,REGN,2019-05-07,13384.0,19720.0,2
1582,REGN,2019-06-19,198.0,573.0,1
1583,REGN,2019-08-06,13693.0,21810.0,2
1584,REGN,2019-11-05,13811.0,21320.0,2
1585,REGN,2020-01-13,1090.0,2852.0,1
1586,REGN,2020-02-06,7142.0,11995.0,1
1587,REGN,2020-02-07,14822.0,24175.0,1
1588,REGN,2020-04-07,1230.0,2779.0,1
1589,REGN,2020-05-05,14259.0,21380.0,2
1590,VRTX,0,14911.0,17753.0,33
1591,VRTX,2002-05-15,1093.0,1584.0,1
1592,VRTX,2002-08-14,1539.0,1970.0,1
1593,VRTX,2002-11-14,2531.0,2714.0,1
1594,VRTX,2003-03-31,13789.0,15567.0,1
1595,VRTX,2003-05-15,2672.0,3064.0,1
1596,VRTX,2003-08-14,6354.0,12283.0,1
1597,VRTX,2003-11-14,6422.0,12105.0,1
1598,VRTX,2004-02-10,139.0,179.0,1
1599,VRTX,2004-03-15,14939.0,15222.0,1
1600,VRTX,2004-04-26,581.0,972.0,1
1601,VRTX,2004-05-10,2343.0,2859.0,2
1602,VRTX,2004-07-01,8235.0,17544.0,1
1603,VRTX,2004-07-19,5877.0,9330.0,1
1604,VRTX,2004-07-26,1502.0,3569.0,1
1605,VRTX,2004-08-09,3156.0,3744.0,1
1606,VRTX,2004-09-17,8286.0,16081.0,1
1607,VRTX,2004-10-13,70.0,482.0,1
1608,VRTX,2004-10-25,1602.0,3603.0,1
1609,VRTX,2004-11-09,6413.0,7611.0,1
1610,VRTX,2005-01-10,536.0,1348.0,1
1611,VRTX,2005-02-08,668.0,1612.0,1
1612,VRTX,2005-02-09,1781.0,3848.0,1
1613,VRTX,2005-02-10,75.0,110.0,2
1614,VRTX,2005-03-16,12780.0,14495.0,1
1615,VRTX,2005-03-18,109.0,402.0,1
1616,VRTX,2005-04-26,1188.0,2773.0,1
1617,VRTX,2005-05-09,5436.0,6397.0,1
1618,VRTX,2005-05-11,108.0,502.0,1
1619,VRTX,2005-05-20,656.0,1540.0,1
1620,VRTX,2005-05-31,482.0,922.0,1
1621,VRTX,2005-06-08,3730.0,6680.0,1
1622,VRTX,2005-06-10,289.0,1017.0,1
1623,VRTX,2005-06-13,158.0,731.0,1
1624,VRTX,2005-06-15,141.0,800.0,1
1625,VRTX,2005-06-17,265.0,837.0,1
1626,VRTX,2005-07-06,193.0,193.0,1
1627,VRTX,2005-07-27,1580.0,3122.0,1
1628,VRTX,2005-08-09,5400.0,25680.0,1
1629,VRTX,2005-09-07,119.0,662.0,1
1630,VRTX,2005-09-12,221.0,862.0,1
1631,VRTX,2005-10-04,414.0,1508.0,1
1632,VRTX,2005-10-26,1567.0,3191.0,1
1633,VRTX,2005-11-09,5567.0,27023.0,1
1634,VRTX,2005-12-02,113.0,503.0,1
1635,VRTX,2005-12-12,100.0,440.0,1
1636,VRTX,2005-12-16,304.0,953.0,1
1637,VRTX,2006-01-11,77.0,108.0,1
1638,VRTX,2006-01-12,82.0,469.0,1
1639,VRTX,2006-01-27,270.0,276.0,1
1640,VRTX,2006-02-07,1896.0,3884.0,1
1641,VRTX,2006-03-08,332.0,924.0,1
1642,VRTX,2006-03-16,12744.0,15392.0,1
1643,VRTX,2006-03-23,87.0,431.0,1
1644,VRTX,2006-04-25,1599.0,3303.0,1
1645,VRTX,2006-05-10,4836.0,22220.0,1
1646,VRTX,2006-05-15,1647.0,2917.0,1
1647,VRTX,2006-05-23,502.0,1545.0,1
1648,VRTX,2006-06-26,71.0,349.0,1
1649,VRTX,2006-06-30,639.0,1639.0,1
1650,VRTX,2006-07-26,1238.0,7054.0,1
1651,VRTX,2006-08-08,91.0,453.0,1
1652,VRTX,2006-08-09,4970.0,29464.0,1
1653,VRTX,2006-09-11,567.0,972.0,1
1654,VRTX,2006-09-15,3984.0,7300.0,1
1655,VRTX,2006-09-20,161.0,660.0,1
1656,VRTX,2006-10-26,1294.0,7644.0,1
1657,VRTX,2006-11-09,5148.0,29302.0,1
1658,VRTX,2006-12-18,88.0,401.0,1
1659,VRTX,2007-02-01,1514.0,7688.0,1
1660,VRTX,2007-03-01,7987.0,29364.0,1
1661,VRTX,2007-03-07,94.0,414.0,1
1662,VRTX,2007-04-30,898.0,4887.0,1
1663,VRTX,2007-05-10,5005.0,20509.0,1
1664,VRTX,2007-06-12,324.0,751.0,1
1665,VRTX,2007-06-26,70.0,351.0,1
1666,VRTX,2007-07-03,269.0,885.0,1
1667,VRTX,2007-07-24,1166.0,6430.0,1
1668,VRTX,2007-08-01,76.0,378.0,1
1669,VRTX,2007-08-09,6380.0,28701.0,1
1670,VRTX,2007-10-29,2263.0,4545.0,1
1671,VRTX,2007-11-02,608.0,1305.0,1
1672,VRTX,2007-11-09,5584.0,6449.0,1
1673,VRTX,2007-11-27,92.0,496.0,1
1674,VRTX,2008-02-04,339.0,353.0,2
1675,VRTX,2008-02-11,10117.0,12475.0,2
1676,VRTX,2008-02-13,8209.0,14831.0,1
1677,VRTX,2008-02-22,364.0,876.0,1
1678,VRTX,2008-02-25,9455.0,18067.0,1
1679,VRTX,2008-03-31,193.0,795.0,1
1680,VRTX,2008-04-21,1476.0,3226.0,1
1681,VRTX,2008-05-12,6460.0,8903.0,1
1682,VRTX,2008-05-16,395.0,1431.0,1
1683,VRTX,2008-06-04,98.0,593.0,1
1684,VRTX,2008-06-18,58.0,416.0,1
1685,VRTX,2008-07-31,2134.0,4068.0,1
1686,VRTX,2008-08-11,11979.0,14135.0,1
1687,VRTX,2008-09-11,70.0,537.0,1
1688,VRTX,2008-09-19,3648.0,6017.0,1
1689,VRTX,2008-09-30,72.0,451.0,1
1690,VRTX,2008-10-27,1890.0,3808.0,1
1691,VRTX,2008-11-05,5981.0,6972.0,1
1692,VRTX,2009-01-15,644.0,1771.0,1
1693,VRTX,2009-02-05,424.0,432.0,1
1694,VRTX,2009-02-09,2010.0,4085.0,1
1695,VRTX,2009-02-10,4187.0,7229.0,1
1696,VRTX,2009-02-12,140.0,180.0,1
1697,VRTX,2009-02-13,10440.0,12688.0,2
1698,VRTX,2009-02-19,3483.0,6808.0,1
1699,VRTX,2009-03-09,207.0,600.0,1
1700,VRTX,2009-03-12,7848.0,19266.0,1
1701,VRTX,2009-04-16,1747.0,3760.0,1
1702,VRTX,2009-05-11,6062.0,8606.0,1
1703,VRTX,2009-05-19,73.0,436.0,1
1704,VRTX,2009-06-11,83.0,363.0,1
1705,VRTX,2009-07-09,91.0,432.0,1
1706,VRTX,2009-08-04,78.0,361.0,1
1707,VRTX,2009-08-05,2266.0,4506.0,1
1708,VRTX,2009-08-10,9395.0,13531.0,1
1709,VRTX,2009-10-06,163.0,575.0,1
1710,VRTX,2009-10-26,2213.0,4334.0,1
1711,VRTX,2009-11-03,489.0,1253.0,1
1712,VRTX,2009-11-09,9716.0,13777.0,1
1713,VRTX,2009-11-16,76.0,438.0,1
1714,VRTX,2009-12-04,3695.0,6516.0,1
1715,VRTX,2010-01-11,660.0,1574.0,1
1716,VRTX,2010-01-29,245.0,399.0,1
1717,VRTX,2010-02-04,2075.0,4246.0,1
1718,VRTX,2010-02-09,112.0,156.0,1
1719,VRTX,2010-02-11,121.0,160.0,1
1720,VRTX,2010-02-19,10517.0,13097.0,1
1721,VRTX,2010-04-21,1418.0,2961.0,1
1722,VRTX,2010-05-03,8866.0,19321.0,1
1723,VRTX,2010-05-17,224.0,676.0,1
1724,VRTX,2010-05-25,682.0,1268.0,1
1725,VRTX,2010-07-13,91.0,338.0,1
1726,VRTX,2010-07-28,1781.0,3609.0,1
1727,VRTX,2010-08-03,10203.0,11964.0,1
1728,VRTX,2010-08-10,449.0,1150.0,1
1729,VRTX,2010-09-07,594.0,1386.0,1
1730,VRTX,2010-09-23,4674.0,9184.0,1
1731,VRTX,2010-09-29,10594.0,18241.0,1
1732,VRTX,2010-10-22,62.0,306.0,1
1733,VRTX,2010-10-25,1730.0,3618.0,1
1734,VRTX,2010-10-28,9486.0,11577.0,1
1735,VRTX,2011-01-10,411.0,1141.0,1
1736,VRTX,2011-01-13,138.0,438.0,1
1737,VRTX,2011-02-03,1787.0,3677.0,1
1738,VRTX,2011-02-14,157.0,196.0,2
1739,VRTX,2011-02-17,10728.0,13153.0,1
1740,VRTX,2011-03-01,648.0,1357.0,1
1741,VRTX,2011-04-07,119.0,392.0,1
1742,VRTX,2011-05-03,1375.0,3033.0,1
1743,VRTX,2011-05-05,80.0,363.0,1
1744,VRTX,2011-05-06,9410.0,15244.0,1
1745,VRTX,2011-05-18,352.0,805.0,1
1746,VRTX,2011-05-23,60.0,300.0,1
1747,VRTX,2011-06-17,88.0,364.0,1
1748,VRTX,2011-07-28,2107.0,4081.0,1
1749,VRTX,2011-08-09,9387.0,12397.0,1
1750,VRTX,2011-08-22,74.0,307.0,1
1751,VRTX,2011-08-30,60.0,329.0,1
1752,VRTX,2011-09-20,65.0,317.0,1
1753,VRTX,2011-10-27,4359.0,7706.0,1
1754,VRTX,2011-11-03,9719.0,11568.0,1
1755,VRTX,2011-12-16,123.0,514.0,1
1756,VRTX,2012-01-31,57.0,300.0,1
1757,VRTX,2012-02-02,4444.0,7797.0,1
1758,VRTX,2012-02-13,154.0,180.0,2
1759,VRTX,2012-02-22,11098.0,13408.0,1
1760,VRTX,2012-04-26,2467.0,4643.0,1
1761,VRTX,2012-05-10,9799.0,12057.0,1
1762,VRTX,2012-05-17,248.0,620.0,1
1763,VRTX,2012-05-29,77.0,352.0,1
1764,VRTX,2012-06-08,55.0,290.0,1
1765,VRTX,2012-07-30,3518.0,6306.0,1
1766,VRTX,2012-08-08,9219.0,11613.0,1
1767,VRTX,2012-09-20,74.0,339.0,1
1768,VRTX,2012-11-01,3829.0,7027.0,1
1769,VRTX,2012-11-06,9191.0,12093.0,1
1770,VRTX,2013-01-29,4593.0,8583.0,1
1771,VRTX,2013-02-11,1599.0,1387.0,1
1772,VRTX,2013-03-01,15096.0,20429.0,1
1773,VRTX,2013-04-30,3565.0,5479.0,1
1774,VRTX,2013-05-08,13791.0,19672.0,2
1775,VRTX,2013-05-17,237.0,327.0,1
1776,VRTX,2013-07-29,5578.0,9482.0,1
1777,VRTX,2013-08-02,13729.0,19032.0,1
1778,VRTX,2013-10-29,5577.0,8982.0,1
1779,VRTX,2013-11-07,13989.0,19177.0,1
1780,VRTX,2013-11-22,150.0,223.0,1
1781,VRTX,2014-01-13,944.0,879.0,1
1782,VRTX,2014-01-29,5866.0,9446.0,1
1783,VRTX,2014-02-05,1514.0,1371.0,1
1784,VRTX,2014-02-11,14878.0,20166.0,1
1785,VRTX,2014-02-12,555.0,1955.0,1
1786,VRTX,2014-02-14,151.0,191.0,1
1787,VRTX,2014-05-01,3612.0,5390.0,1
1788,VRTX,2014-05-05,14078.0,19723.0,1
1789,VRTX,2014-05-07,299.0,415.0,1
1790,VRTX,2014-06-19,158.0,247.0,1
1791,VRTX,2014-06-25,2514.0,2513.0,1
1792,VRTX,2014-07-09,245.0,339.0,1
1793,VRTX,2014-07-10,134.0,237.0,1
1794,VRTX,2014-07-29,5372.0,8254.0,1
1795,VRTX,2014-07-31,14155.0,19783.0,1
1796,VRTX,2014-10-28,5261.0,8662.0,1
1797,VRTX,2014-11-06,13748.0,19689.0,1
1798,VRTX,2014-12-15,406.0,591.0,1
1799,VRTX,2015-01-12,1047.0,1220.0,1
1800,VRTX,2015-01-20,129.0,216.0,1
1801,VRTX,2015-01-28,5046.0,8160.0,1
1802,VRTX,2015-02-11,152.0,587.0,1
1803,VRTX,2015-02-13,15221.0,20327.0,2
1804,VRTX,2015-04-29,2918.0,4410.0,1
1805,VRTX,2015-05-04,13729.0,20106.0,1
1806,VRTX,2015-06-04,465.0,846.0,1
1807,VRTX,2015-06-09,168.0,315.0,1
1808,VRTX,2015-06-12,123.0,231.0,1
1809,VRTX,2015-07-02,131.0,227.0,1
1810,VRTX,2015-07-29,4390.0,7177.0,1
1811,VRTX,2015-08-04,13669.0,19634.0,1
1812,VRTX,2015-10-27,137.0,242.0,1
1813,VRTX,2015-10-28,4401.0,7244.0,1
1814,VRTX,2015-10-30,13614.0,19358.0,1
1815,VRTX,2015-12-08,147.0,261.0,1
1816,VRTX,2016-01-11,1695.0,1671.0,1
1817,VRTX,2016-01-27,4750.0,7783.0,1
1818,VRTX,2016-02-01,267.0,250.0,1
1819,VRTX,2016-02-16,15061.0,20254.0,1
1820,VRTX,2016-04-27,4061.0,5513.0,1
1821,VRTX,2016-05-03,13637.0,19280.0,1
1822,VRTX,2016-06-15,349.0,595.0,1
1823,VRTX,2016-07-27,3928.0,6331.0,1
1824,VRTX,2016-08-01,13377.0,19218.0,1
1825,VRTX,2016-10-14,182.0,289.0,1
1826,VRTX,2016-10-17,263.0,358.0,1
1827,VRTX,2016-10-25,3981.0,6374.0,1
1828,VRTX,2016-10-31,13416.0,19168.0,1
1829,VRTX,2016-12-02,2910.0,3206.0,1
1830,VRTX,2017-01-09,1439.0,1437.0,1
1831,VRTX,2017-01-11,186.0,303.0,1
1832,VRTX,2017-01-25,4110.0,7089.0,1
1833,VRTX,2017-02-13,867.0,1081.0,2
1834,VRTX,2017-02-23,15103.0,20004.0,1
1835,VRTX,2017-03-06,625.0,757.0,1
1836,VRTX,2017-03-29,1618.0,1674.0,1
1837,VRTX,2017-04-27,2982.0,4471.0,1
1838,VRTX,2017-04-28,13885.0,19295.0,1
1839,VRTX,2017-05-22,223.0,332.0,1
1840,VRTX,2017-06-08,424.0,594.0,1
1841,VRTX,2017-07-26,3742.0,6278.0,1
1842,VRTX,2017-07-28,13566.0,19260.0,1
1843,VRTX,2017-09-06,172.0,338.0,1
1844,VRTX,2017-10-25,4483.0,7046.0,1
1845,VRTX,2017-10-30,13707.0,19177.0,1
1846,VRTX,2018-01-31,4783.0,7752.0,1
1847,VRTX,2018-02-12,268.0,395.0,1
1848,VRTX,2018-02-14,15186.0,20379.0,1
1849,VRTX,2018-04-26,3433.0,4981.0,1
1850,VRTX,2018-04-27,13623.0,19194.0,1
1851,VRTX,2018-05-18,462.0,784.0,1
1852,VRTX,2018-07-25,4022.0,6738.0,1
1853,VRTX,2018-07-26,13543.0,18999.0,1
1854,VRTX,2018-10-24,5012.0,7672.0,1
1855,VRTX,2018-10-25,13602.0,18870.0,1
1856,VRTX,2018-12-17,73.0,200.0,1
1857,VRTX,2019-01-23,80.0,208.0,1
1858,VRTX,2019-02-05,6320.0,11558.0,1
1859,VRTX,2019-02-13,15177.0,20334.0,1
1860,VRTX,2019-02-22,181.0,303.0,1
1861,VRTX,2019-04-02,206.0,378.0,1
1862,VRTX,2019-04-30,3399.0,5643.0,1
1863,VRTX,2019-05-01,13426.0,18790.0,1
1864,VRTX,2019-06-05,550.0,988.0,1
1865,VRTX,2019-06-07,272.0,405.0,1
1866,VRTX,2019-07-25,5105.0,5669.0,1
1867,VRTX,2019-07-31,4725.0,8525.0,1
1868,VRTX,2019-08-01,12476.0,18670.0,1
1869,VRTX,2019-09-03,1206.0,2585.0,1
1870,VRTX,2019-09-17,1192.0,2609.0,1
1871,VRTX,2019-10-21,1100.0,2545.0,1
1872,VRTX,2019-10-24,1142.0,2528.0,1
1873,VRTX,2019-10-30,5559.0,10781.0,1
1874,VRTX,2019-10-31,12544.0,18742.0,1
1875,VRTX,2019-11-26,399.0,583.0,1
1876,VRTX,2020-01-30,6630.0,13021.0,1
1877,VRTX,2020-02-13,13649.0,21816.0,1
1878,VRTX,2020-04-01,3542.0,5374.0,1
1879,VRTX,2020-04-29,4253.0,8031.0,1
1880,VRTX,2020-05-01,11028.0,18160.0,1
