,ticker,year,month,mthly_ave_resid,sec_pos_words,sec_neg_words,mthly_filing_count,gs_poswords,gs_negwords
0,ALXN,2010,5,-0.00022661793419866838,8188.0,15322.0,2.0,0.0,0.0
1,ALXN,2010,6,0.002118896526741675,533.0,1340.0,1.0,0.0,0.0
2,ALXN,2010,7,-0.0005967292959293254,11536.0,19706.0,2.0,0.0,0.0
3,ALXN,2010,8,0.002623486397404187,124.0,410.0,1.0,0.0,0.0
4,ALXN,2010,9,0.0011010331704783775,1492.0,2433.0,1.0,0.0,0.0
5,ALXN,2010,10,-0.0009046754518459373,1227.0,2606.0,1.0,0.0,0.0
6,ALXN,2010,11,0.003088306356958001,9400.0,16357.0,1.0,0.0,0.0
7,ALXN,2010,12,-0.00293234679118851,0.0,0.0,0.0,0.0,0.0
8,ALXN,2011,1,-0.001500448553849358,86.0,348.0,1.0,0.0,0.0
9,ALXN,2011,2,0.0036334780087133598,24968.0,42237.0,5.0,0.0,0.0
10,ALXN,2011,3,-0.0015746726182039603,10484.0,17680.0,2.0,0.0,0.0
11,ALXN,2011,4,-0.004360678654361851,2018.0,3544.0,2.0,0.0,0.0
12,ALXN,2011,5,-0.0014533838087533062,9873.0,18696.0,3.0,0.0,0.0
13,ALXN,2011,6,-0.0001348053090100508,347.0,882.0,1.0,0.0,0.0
14,ALXN,2011,7,0.009549171605728532,912.0,1957.0,1.0,0.0,0.0
15,ALXN,2011,8,0.0023790770538278222,10101.0,18935.0,1.0,0.0,0.0
16,ALXN,2011,9,0.004440908624766626,107.0,350.0,2.0,0.0,0.0
17,ALXN,2011,10,-0.005694741906734329,11142.0,20771.0,3.0,149.0,272.0
18,ALXN,2011,11,-0.0030066723630497475,558.0,1154.0,1.0,0.0,0.0
19,ALXN,2011,12,-0.0008412840738762908,795.0,1967.0,1.0,8627.0,26161.0
20,ALXN,2012,1,-0.00046844242625859023,12175.0,19630.0,1.0,180.0,398.0
21,ALXN,2012,2,0.0013757471083667822,30563.0,47657.0,4.0,0.0,0.0
22,ALXN,2012,3,0.0017890496541508754,0.0,0.0,0.0,0.0,0.0
23,ALXN,2012,4,-0.003551144858456032,2030.0,4050.0,1.0,0.0,0.0
24,ALXN,2012,5,-0.00016048809922254768,18205.0,25539.0,6.0,0.0,0.0
25,ALXN,2012,6,0.000312298409818401,0.0,0.0,0.0,90.0,199.0
26,ALXN,2012,7,-2.9651420774088726e-05,16903.0,24276.0,2.0,0.0,0.0
27,ALXN,2012,8,-0.0014600585993923638,0.0,0.0,0.0,59.0,73.0
28,ALXN,2012,9,0.00026958296195180563,128.0,223.0,1.0,59.0,73.0
29,ALXN,2012,10,-0.011025933201135476,17310.0,25377.0,2.0,90.0,199.0
30,ALXN,2012,11,0.0036924337449576435,228.0,369.0,1.0,0.0,0.0
31,ALXN,2012,12,-0.00028931643282570596,0.0,0.0,0.0,0.0,0.0
32,ALXN,2013,1,-0.001795952317508813,190.0,454.0,1.0,0.0,0.0
33,ALXN,2013,2,-0.0022620588662300863,19276.0,27729.0,4.0,0.0,0.0
34,ALXN,2013,3,0.003241870517459405,211.0,394.0,1.0,0.0,0.0
35,ALXN,2013,4,0.0027727127882908385,17198.0,24846.0,2.0,0.0,0.0
36,ALXN,2013,5,-0.0004060870831274491,449.0,969.0,1.0,59.0,73.0
37,ALXN,2013,6,-0.00036212358768451575,0.0,0.0,0.0,0.0,0.0
38,ALXN,2013,7,0.007586387037869613,17154.0,26992.0,2.0,90.0,199.0
39,ALXN,2013,8,-0.0019594325878889095,364.0,615.0,2.0,0.0,0.0
40,ALXN,2013,9,0.0008455548929296381,0.0,0.0,0.0,0.0,0.0
41,ALXN,2013,10,-0.001169112153084461,17678.0,27850.0,2.0,59.0,73.0
42,ALXN,2013,11,-0.002660222055893687,269.0,382.0,1.0,1843.0,3837.0
43,ALXN,2013,12,0.0011062066756502658,597.0,825.0,2.0,0.0,0.0
44,ALXN,2014,1,0.011209893934208801,4360.0,9884.0,2.0,0.0,0.0
45,ALXN,2014,2,-0.001679400572331836,16456.0,20799.0,1.0,0.0,0.0
46,ALXN,2014,3,-0.010194921300882035,0.0,0.0,0.0,0.0,0.0
47,ALXN,2014,4,-2.6748333462179875e-05,18677.0,26892.0,4.0,59.0,73.0
48,ALXN,2014,5,-0.0013883364122183172,510.0,1138.0,1.0,59.0,73.0
49,ALXN,2014,6,-0.005050046194467592,0.0,0.0,0.0,0.0,0.0
50,ALXN,2014,7,0.0053830735226031235,17556.0,27522.0,4.0,0.0,0.0
51,ALXN,2014,8,-0.0004275236330665626,191.0,355.0,1.0,270.0,597.0
52,ALXN,2014,9,0.0011606104202439445,523.0,780.0,1.0,59.0,73.0
53,ALXN,2014,10,0.004326361676093133,17799.0,27901.0,4.0,90.0,199.0
54,ALXN,2014,11,-0.002441908526985391,336.0,686.0,1.0,59.0,73.0
55,ALXN,2014,12,-0.0027509604347284683,230.0,440.0,1.0,0.0,0.0
56,ALXN,2015,1,0.0017339169343349495,4560.0,10258.0,2.0,0.0,0.0
57,ALXN,2015,2,-0.005575837865877023,16637.0,22542.0,2.0,0.0,0.0
58,ALXN,2015,3,-0.00010795706310182401,574.0,824.0,2.0,0.0,0.0
59,ALXN,2015,4,-0.0005979883899805119,17853.0,25586.0,3.0,59.0,73.0
60,ALXN,2015,5,-0.0006658527074945513,19073.0,23506.0,2.0,0.0,0.0
61,ALXN,2015,6,0.00706816725761959,15616.0,20540.0,1.0,0.0,0.0
62,ALXN,2015,7,0.0017012325253486387,17116.0,26440.0,2.0,59.0,73.0
63,ALXN,2015,8,-0.0011576433805777352,3176.0,4803.0,3.0,149.0,272.0
64,ALXN,2015,9,-0.003054870318775039,0.0,0.0,0.0,59.0,73.0
65,ALXN,2015,10,-5.099250856044157e-08,4182.0,9906.0,1.0,177.0,219.0
66,ALXN,2015,11,0.0009701570428449659,13452.0,17539.0,1.0,149.0,272.0
67,ALXN,2015,12,0.004559806108067974,0.0,0.0,0.0,177.0,220.0
68,ALXN,2016,1,-0.010600070523788764,2994.0,3390.0,1.0,0.0,0.0
69,ALXN,2016,2,-0.0007666745258161905,21224.0,33058.0,2.0,20894.0,58537.0
70,ALXN,2016,3,-0.00290000628309362,200.0,388.0,1.0,0.0,0.0
71,ALXN,2016,4,0.0012059588355322847,16572.0,24987.0,2.0,90.0,199.0
72,ALXN,2016,5,0.0053252242415157474,569.0,1258.0,1.0,59.0,73.0
73,ALXN,2016,6,-0.008553116383243076,615.0,876.0,1.0,59.0,73.0
74,ALXN,2016,7,0.005072436519701077,17105.0,25028.0,2.0,177.0,220.0
75,ALXN,2016,8,0.0006456725337690446,197.0,386.0,1.0,59.0,73.0
76,ALXN,2016,9,0.0011666444053150772,389.0,498.0,1.0,0.0,0.0
77,ALXN,2016,10,0.006738693771421563,3298.0,6454.0,1.0,177.0,219.0
78,ALXN,2016,11,-0.004394240449015864,632.0,1066.0,2.0,177.0,219.0
79,ALXN,2016,12,6.005271452391945e-05,709.0,869.0,1.0,478.0,943.0
80,ALXN,2017,1,0.002767112584279627,14409.0,18937.0,2.0,298.0,544.0
81,ALXN,2017,2,-0.0003797781615270189,16473.0,21429.0,2.0,118.0,146.0
82,ALXN,2017,3,-0.003307176203771354,1238.0,1885.0,2.0,20335.0,57163.0
83,ALXN,2017,4,0.0033786525280920855,13558.0,18341.0,2.0,444.0,637.0
84,ALXN,2017,5,-0.01183346816541792,1210.0,2128.0,2.0,59.0,73.0
85,ALXN,2017,6,0.012069434426615455,476.0,773.0,1.0,0.0,0.0
86,ALXN,2017,7,0.005589697414421103,13644.0,17797.0,2.0,90.0,199.0
87,ALXN,2017,8,0.0006676477835958519,0.0,0.0,0.0,4768.0,8014.0
88,ALXN,2017,9,-0.0029041204255638997,1081.0,2073.0,2.0,17791.0,48754.0
89,ALXN,2017,10,-0.010207245634835523,13534.0,17637.0,2.0,90.0,199.0
90,ALXN,2017,11,-0.0044464141954491795,363.0,715.0,1.0,118.0,146.0
91,ALXN,2017,12,0.006157409412805083,0.0,0.0,0.0,180.0,398.0
92,ALXN,2018,1,-0.001166942041893567,351.0,568.0,1.0,33676.0,93422.0
93,ALXN,2018,2,0.005491510331864257,15454.0,20980.0,4.0,59.0,73.0
94,ALXN,2018,3,0.0017987186752438024,0.0,0.0,0.0,52462.0,147043.0
95,ALXN,2018,4,0.0028898528498530565,15653.0,19958.0,3.0,0.0,0.0
96,ALXN,2018,5,-0.0021129928655345192,462.0,970.0,1.0,0.0,0.0
97,ALXN,2018,6,0.0027640894450194943,18925.0,18519.0,2.0,0.0,0.0
98,ALXN,2018,7,2.6734366998987856e-05,12112.0,15874.0,2.0,118.0,146.0
99,ALXN,2018,8,-0.005040319928556336,0.0,0.0,0.0,149.0,272.0
100,ALXN,2018,9,0.006985986535460039,0.0,0.0,0.0,17333.0,48963.0
101,ALXN,2018,10,-0.005937389386647372,12806.0,16558.0,3.0,177.0,219.0
102,ALXN,2018,11,0.003288993606939982,194.0,383.0,1.0,149.0,272.0
103,ALXN,2018,12,-0.003514722656359664,187.0,363.0,1.0,90.0,199.0
104,ALXN,2019,1,0.005719732026865275,0.0,0.0,0.0,163852.0,332061.0
105,ALXN,2019,2,0.0020286713403287917,23682.0,29688.0,2.0,228767.0,463743.0
106,ALXN,2019,3,-0.0019252509614133217,0.0,0.0,0.0,16461.0,51929.0
107,ALXN,2019,4,-0.0022401267976789097,11886.0,15794.0,2.0,119277.0,385952.0
108,ALXN,2019,5,-0.004089630553776042,460.0,971.0,1.0,388.0,743.0
109,ALXN,2019,6,0.0019532516249479133,0.0,0.0,0.0,90.0,199.0
110,ALXN,2019,7,-0.005932415913687026,10897.0,18883.0,2.0,149.0,272.0
111,ALXN,2019,8,-0.001679591311728367,0.0,0.0,0.0,149.0,272.0
112,ALXN,2019,9,0.00018938620972556742,1941.0,4615.0,2.0,148.0,274.0
113,ALXN,2019,10,0.005010872368486211,25305.0,42730.0,4.0,254.0,535.0
114,ALXN,2019,11,0.0012978142269236582,0.0,0.0,0.0,390.0,924.0
115,AMGN,2010,5,0.0009047534616080007,13128.0,21068.0,2.0,59.0,73.0
116,AMGN,2010,6,0.0029523776238785794,0.0,0.0,0.0,0.0,0.0
117,AMGN,2010,7,-3.5657592850844426e-05,2793.0,5510.0,3.0,90.0,199.0
118,AMGN,2010,8,-0.0009418473835546673,13589.0,16192.0,1.0,239.0,471.0
119,AMGN,2010,9,0.0007417156347924116,4054.0,7259.0,1.0,59.0,73.0
120,AMGN,2010,10,0.00031484675344408005,3301.0,6025.0,2.0,149.0,272.0
121,AMGN,2010,11,-0.0033035303022094713,12880.0,16542.0,1.0,570.0,1186.0
122,AMGN,2010,12,0.00033606420001424037,2219.0,4464.0,2.0,270.0,597.0
123,AMGN,2011,1,-0.00010842211653915753,2432.0,4399.0,2.0,149.0,272.0
124,AMGN,2011,2,-0.0035993108700044336,16420.0,20204.0,1.0,0.0,0.0
125,AMGN,2011,3,0.0032047148491437445,271.0,717.0,1.0,0.0,0.0
126,AMGN,2011,4,0.002842217277511483,1912.0,3776.0,1.0,118.0,146.0
127,AMGN,2011,5,0.00316143821187676,18223.0,22452.0,2.0,0.0,0.0
128,AMGN,2011,6,-0.0015894423122058835,4491.0,8512.0,1.0,0.0,0.0
129,AMGN,2011,7,-0.0031380884283049365,2486.0,4462.0,1.0,0.0,0.0
130,AMGN,2011,8,0.0013802176585093664,19624.0,19714.0,1.0,90.0,199.0
131,AMGN,2011,9,0.0010482604756986392,0.0,0.0,0.0,90.0,199.0
132,AMGN,2011,10,-0.0010870188530586148,2813.0,5280.0,2.0,239.0,471.0
133,AMGN,2011,11,0.0006094755474632913,13125.0,25131.0,5.0,0.0,0.0
134,AMGN,2011,12,0.003480524885206692,12138.0,22832.0,3.0,90.0,199.0
135,AMGN,2012,1,-0.00023156086452245033,10850.0,16324.0,2.0,90.0,199.0
136,AMGN,2012,2,-0.0023532972234440305,11979.0,20258.0,2.0,0.0,0.0
137,AMGN,2012,3,-0.001822064914505637,1212.0,2447.0,2.0,0.0,0.0
138,AMGN,2012,4,0.00136120085333999,11929.0,22957.0,3.0,0.0,0.0
139,AMGN,2012,5,0.00024509384421094474,16035.0,27810.0,3.0,118.0,146.0
140,AMGN,2012,6,0.0005655290520944061,0.0,0.0,0.0,0.0,0.0
141,AMGN,2012,7,0.004159929519015432,2837.0,5341.0,1.0,90.0,199.0
142,AMGN,2012,8,-0.0021625628126202413,7636.0,12913.0,1.0,180.0,398.0
143,AMGN,2012,9,-0.002537754696527865,2907.0,6081.0,3.0,59.0,86.0
144,AMGN,2012,10,0.0007450006152609817,2657.0,5136.0,1.0,4962.0,20750.0
145,AMGN,2012,11,-0.00035925936458374125,13937.0,19240.0,1.0,59.0,73.0
146,AMGN,2012,12,-0.0026988791586470095,1268.0,3258.0,4.0,149.0,272.0
147,AMGN,2013,1,-0.002067446461827433,2956.0,5324.0,1.0,59.0,73.0
148,AMGN,2013,2,0.0033351455935945375,16592.0,19693.0,2.0,59.0,73.0
149,AMGN,2013,3,0.004147518096170551,2289.0,4311.0,1.0,59.0,73.0
150,AMGN,2013,4,-0.0012916291967539294,2170.0,4459.0,1.0,0.0,0.0
151,AMGN,2013,5,-0.00304645138884737,14160.0,20146.0,2.0,59.0,73.0
152,AMGN,2013,6,-0.0005729103148607678,0.0,0.0,0.0,0.0,0.0
153,AMGN,2013,7,0.0012484527295017313,2661.0,5453.0,3.0,59.0,73.0
154,AMGN,2013,8,0.00211074241371226,29750.0,45565.0,2.0,118.0,146.0
155,AMGN,2013,9,-0.00019486089035586308,7218.0,14341.0,1.0,4557.0,7892.0
156,AMGN,2013,10,-0.0014420148223706986,17095.0,26530.0,4.0,59.0,73.0
157,AMGN,2013,11,-0.0030709734408818404,91.0,372.0,1.0,149.0,272.0
158,AMGN,2013,12,-0.0010239272628061982,0.0,0.0,0.0,0.0,0.0
159,AMGN,2014,1,0.004271386693687214,3284.0,6294.0,2.0,118.0,146.0
160,AMGN,2014,2,-0.00023740597913366962,15254.0,19532.0,1.0,18370.0,41944.0
161,AMGN,2014,3,-0.0006406719140063298,0.0,0.0,0.0,165330.0,377496.0
162,AMGN,2014,4,-0.004952746481397431,15645.0,23661.0,4.0,0.0,0.0
163,AMGN,2014,5,0.0009754120906145499,10696.0,19839.0,2.0,0.0,0.0
164,AMGN,2014,6,0.0007867785264211438,325.0,914.0,1.0,139131.0,309564.0
165,AMGN,2014,7,0.00581845195169731,11417.0,20441.0,2.0,59.0,73.0
166,AMGN,2014,8,0.0017748278740546018,13611.0,18878.0,1.0,0.0,0.0
167,AMGN,2014,9,4.993404943629401e-05,0.0,0.0,0.0,0.0,0.0
168,AMGN,2014,10,0.0027604427682437036,16135.0,24313.0,4.0,5762.0,9485.0
169,AMGN,2014,11,-0.0033568148663418737,0.0,0.0,0.0,5864.0,9539.0
170,AMGN,2014,12,-0.0037803242194457683,0.0,0.0,0.0,941.0,2266.0
171,AMGN,2015,1,-0.001556030199175005,2460.0,4267.0,1.0,0.0,0.0
172,AMGN,2015,2,-0.0022184865895577277,15206.0,20677.0,2.0,0.0,0.0
173,AMGN,2015,3,0.001358575511724777,100.0,423.0,1.0,59.0,73.0
174,AMGN,2015,4,-0.0007640964056188132,15772.0,23884.0,3.0,0.0,0.0
175,AMGN,2015,5,-0.0006099579718048126,6011.0,11094.0,2.0,0.0,0.0
176,AMGN,2015,6,0.0010368126473913589,0.0,0.0,0.0,59.0,73.0
177,AMGN,2015,7,0.00475939691549841,2326.0,4340.0,1.0,0.0,0.0
178,AMGN,2015,8,-0.00318111684348428,13400.0,18746.0,1.0,59.0,73.0
179,AMGN,2015,9,-0.0027482452879509893,0.0,0.0,0.0,118.0,146.0
180,AMGN,2015,10,0.0012877602119859817,2243.0,4120.0,1.0,59.0,73.0
181,AMGN,2015,11,0.0005872335336889984,13465.0,18647.0,1.0,118.0,146.0
182,AMGN,2015,12,0.0014671742906311196,0.0,0.0,0.0,0.0,0.0
183,AMGN,2016,1,0.0004209808879483834,2333.0,4167.0,1.0,177.0,219.0
184,AMGN,2016,2,-0.0038228233909565813,23559.0,34363.0,4.0,177.0,219.0
185,AMGN,2016,3,-0.0008140145123429994,3601.0,7563.0,2.0,0.0,0.0
186,AMGN,2016,4,0.002462931368038674,1818.0,3747.0,1.0,59.0,73.0
187,AMGN,2016,5,-0.000480249768426922,16901.0,27095.0,5.0,177.0,219.0
188,AMGN,2016,6,-0.0007665834321445957,5783.0,11031.0,2.0,118.0,146.0
189,AMGN,2016,7,0.004402900570522773,16161.0,23342.0,2.0,354.0,438.0
190,AMGN,2016,8,-0.001182693959418015,5153.0,9602.0,2.0,118.0,146.0
191,AMGN,2016,9,-0.001112933394696611,0.0,0.0,0.0,118.0,146.0
192,AMGN,2016,10,-0.007007342661712708,30289.0,43491.0,4.0,177.0,219.0
193,AMGN,2016,11,-5.0250355964167065e-06,0.0,0.0,0.0,118.0,146.0
194,AMGN,2016,12,0.0013987993468193333,0.0,0.0,0.0,357.0,617.0
195,AMGN,2017,1,0.00401202921690041,142.0,486.0,1.0,683.0,1108.0
196,AMGN,2017,2,0.004793840952660157,18208.0,28069.0,4.0,55038.0,131328.0
197,AMGN,2017,3,-0.002526440442991879,0.0,0.0,0.0,227099.0,426410.0
198,AMGN,2017,4,-0.0009609932902093517,14283.0,20421.0,3.0,464.0,1278.0
199,AMGN,2017,5,-0.0029792293016849365,6847.0,14700.0,2.0,0.0,0.0
200,AMGN,2017,6,0.004618554786353227,0.0,0.0,0.0,107.0,479.0
201,AMGN,2017,7,3.361524123339598e-05,16077.0,27633.0,2.0,118.0,146.0
202,AMGN,2017,8,0.0009190220020330924,0.0,0.0,0.0,102.0,325.0
203,AMGN,2017,9,0.0006006922263692574,0.0,0.0,0.0,59.0,73.0
204,AMGN,2017,10,-0.004795949308905677,13970.0,20165.0,4.0,354.0,439.0
205,AMGN,2017,11,-0.0009603997145618122,3869.0,8052.0,1.0,0.0,0.0
206,AMGN,2017,12,-0.00015198844263603775,327.0,861.0,1.0,0.0,0.0
207,AMGN,2018,1,0.0008365562209703267,0.0,0.0,0.0,267.0,418.0
208,AMGN,2018,2,0.002991785895970704,19143.0,30890.0,3.0,177.0,219.0
209,AMGN,2018,3,-0.0017552028137871368,0.0,0.0,0.0,59.0,73.0
210,AMGN,2018,4,0.0011949672618343703,13821.0,19108.0,2.0,118.0,146.0
211,AMGN,2018,5,0.0004955651192560009,492.0,1460.0,1.0,177.0,219.0
212,AMGN,2018,6,0.001018514669673009,0.0,0.0,0.0,59.0,74.0
213,AMGN,2018,7,0.0009964866461581665,13734.0,18837.0,3.0,208.0,345.0
214,AMGN,2018,8,-0.0009611050959373195,0.0,0.0,0.0,208.0,345.0
215,AMGN,2018,9,0.0009038402427044461,0.0,0.0,0.0,118.0,146.0
216,AMGN,2018,10,-0.001351461598668552,13798.0,18735.0,2.0,565.0,962.0
217,AMGN,2018,11,0.0025366474341235296,0.0,0.0,0.0,267.0,418.0
218,AMGN,2018,12,0.0004035423774125642,0.0,0.0,0.0,12501.0,40456.0
219,AMGN,2019,1,-0.006062571269032461,8681.0,20077.0,1.0,416.0,690.0
220,AMGN,2019,2,-0.00025400324556833003,16146.0,21386.0,2.0,31321.0,61579.0
221,AMGN,2019,3,-0.00019540289389274927,0.0,0.0,0.0,62023.0,197985.0
222,AMGN,2019,4,-0.0034435280784094113,13533.0,18758.0,2.0,15574.0,49318.0
223,AMGN,2019,5,0.0018651392082466142,448.0,1181.0,1.0,88217.0,171279.0
224,AMGN,2019,6,0.0037683345356632806,0.0,0.0,0.0,86353.0,166149.0
225,AMGN,2019,7,0.0011405996282176803,10930.0,20536.0,2.0,31647.0,62071.0
226,AMGN,2019,8,0.00527133761139269,13332.0,29471.0,1.0,31206.0,61612.0
227,AMGN,2019,9,-0.005024829150397512,264.0,874.0,1.0,62067.0,122492.0
228,AMGN,2019,10,0.0024296741257709103,16706.0,34079.0,5.0,62710.0,123768.0
229,AMGN,2019,11,0.0007432483410581897,2148.0,5339.0,1.0,357.0,617.0
230,BIIB,2010,5,-0.0005267333477472633,0.0,0.0,0.0,90.0,199.0
231,BIIB,2010,6,0.0026381873338421507,227.0,412.0,2.0,149.0,272.0
232,BIIB,2010,7,0.0062227783724740846,13991.0,19217.0,3.0,59.0,73.0
233,BIIB,2010,8,-0.00023761541423057288,95.0,182.0,1.0,149.0,272.0
234,BIIB,2010,9,-0.002131195006090666,0.0,0.0,0.0,177.0,219.0
235,BIIB,2010,10,0.002687043831823614,14672.0,19774.0,4.0,90.0,199.0
236,BIIB,2010,11,-0.0008381577110832968,779.0,1431.0,1.0,0.0,0.0
237,BIIB,2010,12,-0.0012793407056453472,0.0,0.0,0.0,118.0,146.0
238,BIIB,2011,1,-0.002758800237405306,349.0,523.0,1.0,180.0,398.0
239,BIIB,2011,2,0.0004808612570485909,16105.0,22577.0,6.0,0.0,0.0
240,BIIB,2011,3,0.001984866728164171,67.0,171.0,1.0,59.0,73.0
241,BIIB,2011,4,0.011564204140978623,13087.0,17616.0,2.0,59.0,73.0
242,BIIB,2011,5,-0.004339496423933768,0.0,0.0,0.0,0.0,0.0
243,BIIB,2011,6,0.002163303942286736,2899.0,3346.0,3.0,90.0,199.0
244,BIIB,2011,7,-0.005716861466228058,11458.0,14278.0,2.0,0.0,0.0
245,BIIB,2011,8,-0.003941157774059344,0.0,0.0,0.0,59.0,73.0
246,BIIB,2011,9,0.0009158451741615801,83.0,172.0,1.0,0.0,0.0
247,BIIB,2011,10,0.0047518635524460145,11530.0,14270.0,2.0,90.0,199.0
248,BIIB,2011,11,-0.0019370029727198302,95.0,214.0,1.0,0.0,0.0
249,BIIB,2011,12,-0.0036085259180857264,144.0,512.0,2.0,90.0,199.0
250,BIIB,2012,1,0.0001815336633469434,1126.0,2388.0,1.0,59.0,73.0
251,BIIB,2012,2,-0.0033651202813788418,11934.0,20744.0,2.0,0.0,0.0
252,BIIB,2012,3,0.002187681671845953,94.0,416.0,1.0,0.0,0.0
253,BIIB,2012,4,0.003008892714489969,0.0,0.0,0.0,0.0,0.0
254,BIIB,2012,5,-0.00015377741134265323,8167.0,17450.0,2.0,59.0,73.0
255,BIIB,2012,6,0.0016094479883456188,570.0,1082.0,1.0,59.0,73.0
256,BIIB,2012,7,-0.002054685869887119,6310.0,12049.0,2.0,0.0,0.0
257,BIIB,2012,8,-0.0021813632849841387,0.0,0.0,0.0,0.0,0.0
258,BIIB,2012,9,-0.0014808148050440711,0.0,0.0,0.0,4397.0,7653.0
259,BIIB,2012,10,-0.0029669752388163926,14053.0,18397.0,3.0,90.0,199.0
260,BIIB,2012,11,0.003678568800215589,0.0,0.0,0.0,0.0,0.0
261,BIIB,2012,12,-0.0013211691606189297,0.0,0.0,0.0,59.0,73.0
262,BIIB,2013,1,0.001226615270969352,3003.0,5820.0,2.0,0.0,0.0
263,BIIB,2013,2,0.002510972096620077,15830.0,21748.0,2.0,0.0,0.0
264,BIIB,2013,3,0.004688543051894876,271.0,280.0,1.0,0.0,0.0
265,BIIB,2013,4,0.002621281991267663,14082.0,18680.0,3.0,118.0,146.0
266,BIIB,2013,5,0.00013316634124829407,699.0,1254.0,1.0,118.0,146.0
267,BIIB,2013,6,-0.00663637157060899,617.0,668.0,1.0,19072.0,41953.0
268,BIIB,2013,7,-0.003820870900178128,13428.0,17915.0,2.0,228864.0,503436.0
269,BIIB,2013,8,0.00010009982548120538,3842.0,3952.0,1.0,59.0,73.0
270,BIIB,2013,9,0.0038403177382532088,0.0,0.0,0.0,4398.0,7633.0
271,BIIB,2013,10,-0.002446521349966244,13453.0,17903.0,2.0,0.0,0.0
272,BIIB,2013,11,0.006257147490524152,0.0,0.0,0.0,0.0,0.0
273,BIIB,2013,12,-0.005106380688348478,0.0,0.0,0.0,149.0,272.0
274,BIIB,2014,1,0.007806279513703791,2917.0,5023.0,1.0,0.0,0.0
275,BIIB,2014,2,-0.0017673147635075329,15212.0,20286.0,2.0,118.0,146.0
276,BIIB,2014,3,-0.007441009873134604,0.0,0.0,0.0,0.0,0.0
277,BIIB,2014,4,-0.004083589002873418,13671.0,17999.0,2.0,0.0,0.0
278,BIIB,2014,5,0.00336242244890382,0.0,0.0,0.0,59.0,73.0
279,BIIB,2014,6,-0.0015398545141425575,678.0,701.0,1.0,0.0,0.0
280,BIIB,2014,7,0.006092930114173748,13434.0,17824.0,2.0,0.0,0.0
281,BIIB,2014,8,-0.0016954712394540573,0.0,0.0,0.0,298.0,544.0
282,BIIB,2014,9,-0.0008121940256046472,0.0,0.0,0.0,149.0,272.0
283,BIIB,2014,10,-0.0028472272340827574,13434.0,17754.0,2.0,4658.0,7658.0
284,BIIB,2014,11,-0.0035110620935374618,0.0,0.0,0.0,59.0,73.0
285,BIIB,2014,12,0.005131970488244179,0.0,0.0,0.0,118.0,146.0
286,BIIB,2015,1,0.00908519755873853,3061.0,5649.0,1.0,0.0,0.0
287,BIIB,2015,2,-0.0020903092039116582,15079.0,21912.0,3.0,90.0,199.0
288,BIIB,2015,3,-0.00013706358999078232,5866.0,7187.0,1.0,0.0,0.0
289,BIIB,2015,4,-0.008800059483095608,12019.0,16563.0,2.0,59.0,73.0
290,BIIB,2015,5,0.0013848855236637963,0.0,0.0,0.0,0.0,0.0
291,BIIB,2015,6,0.0014479103553535274,851.0,1240.0,1.0,0.0,0.0
292,BIIB,2015,7,-0.011462534564381953,11903.0,16771.0,2.0,0.0,0.0
293,BIIB,2015,8,0.005440938313284717,15734.0,14747.0,2.0,177.0,219.0
294,BIIB,2015,9,0.002883103333628071,9760.0,16623.0,2.0,59.0,73.0
295,BIIB,2015,10,-0.002223804931861789,11978.0,16563.0,2.0,59.0,73.0
296,BIIB,2015,11,0.0024280301656961186,0.0,0.0,0.0,0.0,0.0
297,BIIB,2015,12,0.005829759669892998,0.0,0.0,0.0,0.0,0.0
298,BIIB,2016,1,-0.002184740548340528,3780.0,5927.0,1.0,177.0,219.0
299,BIIB,2016,2,-0.001374059723717092,12522.0,21104.0,1.0,0.0,0.0
300,BIIB,2016,3,-0.003049196080481619,0.0,0.0,0.0,0.0,0.0
301,BIIB,2016,4,0.0030565853704223995,12095.0,16614.0,3.0,0.0,0.0
302,BIIB,2016,5,0.002456539702176048,808.0,1404.0,1.0,177.0,220.0
303,BIIB,2016,6,-0.006098620832872414,926.0,1868.0,2.0,0.0,0.0
304,BIIB,2016,7,0.008048196540704013,11797.0,16671.0,2.0,0.0,0.0
305,BIIB,2016,8,0.0011833169381730978,0.0,0.0,0.0,295.0,365.0
306,BIIB,2016,9,0.0003316295327961432,0.0,0.0,0.0,0.0,0.0
307,BIIB,2016,10,-0.004738565972351505,11808.0,16659.0,2.0,180.0,398.0
308,BIIB,2016,11,-0.0016895060529036011,0.0,0.0,0.0,0.0,0.0
309,BIIB,2016,12,-0.0024774124805887767,4576.0,5576.0,2.0,149.0,272.0
310,BIIB,2017,1,-0.000943414194416426,17737.0,22714.0,2.0,118.0,146.0
311,BIIB,2017,2,0.0013147071712521017,20793.0,30034.0,3.0,295.0,365.0
312,BIIB,2017,3,-0.00037317766072242836,0.0,0.0,0.0,90.0,199.0
313,BIIB,2017,4,0.001317494190713451,12131.0,16675.0,2.0,329.0,670.0
314,BIIB,2017,5,-0.003000146279606638,0.0,0.0,0.0,90.0,199.0
315,BIIB,2017,6,0.005352502405755599,7741.0,18732.0,2.0,0.0,0.0
316,BIIB,2017,7,0.0028839869910616406,11900.0,16779.0,2.0,239.0,471.0
317,BIIB,2017,8,0.0037368773088747,0.0,0.0,0.0,118.0,146.0
318,BIIB,2017,9,-0.002910766232582831,0.0,0.0,0.0,177.0,219.0
319,BIIB,2017,10,-0.003325798921635922,11906.0,16723.0,2.0,18010.0,50270.0
320,BIIB,2017,11,-0.001055229250608093,590.0,1664.0,2.0,329.0,670.0
321,BIIB,2017,12,-0.001447032876610904,0.0,0.0,0.0,59.0,73.0
322,BIIB,2018,1,0.0007093361213792553,8307.0,13850.0,1.0,33617.0,93349.0
323,BIIB,2018,2,-0.005540976918220428,12591.0,19938.0,1.0,0.0,0.0
324,BIIB,2018,3,0.0006015670535312309,0.0,0.0,0.0,118.0,146.0
325,BIIB,2018,4,0.001704333920456882,12041.0,16717.0,2.0,5606.0,11917.0
326,BIIB,2018,5,0.003975509898432753,0.0,0.0,0.0,90.0,199.0
327,BIIB,2018,6,0.0004592699397761556,1660.0,3704.0,3.0,0.0,0.0
328,BIIB,2018,7,0.004169681711491085,12017.0,16749.0,2.0,17944.0,48937.0
329,BIIB,2018,8,-0.0007996100253110156,204.0,592.0,1.0,118.0,146.0
330,BIIB,2018,9,-0.0014939437454295917,0.0,0.0,0.0,59.0,73.0
331,BIIB,2018,10,-0.002093832795661182,12099.0,16692.0,2.0,149.0,272.0
332,BIIB,2018,11,0.0031034524192853174,294.0,732.0,1.0,59.0,73.0
333,BIIB,2018,12,0.00016013901607465615,0.0,0.0,0.0,0.0,0.0
334,BIIB,2019,1,0.0013655464497796135,8484.0,14024.0,1.0,57430.0,110536.0
335,BIIB,2019,2,-0.0023729925800987472,13575.0,21144.0,2.0,85757.0,165061.0
336,BIIB,2019,3,-0.015393553339845687,178.0,284.0,1.0,89666.0,212703.0
337,BIIB,2019,4,0.0008893345097389841,12802.0,18563.0,3.0,58646.0,151960.0
338,BIIB,2019,5,0.0034450258378493017,252.0,647.0,1.0,85788.0,165187.0
339,BIIB,2019,6,0.005672286111433323,1098.0,1673.0,1.0,171694.0,330520.0
340,BIIB,2019,7,0.003928504411581075,10903.0,20314.0,2.0,1369.0,3033.0
341,BIIB,2019,8,-0.0021086889403215655,0.0,0.0,0.0,25647.0,48139.0
342,BIIB,2019,9,0.002397999814260824,0.0,0.0,0.0,25408.0,47668.0
343,BIIB,2019,10,0.00980682500187845,12244.0,23129.0,3.0,285.0,661.0
344,BIIB,2019,11,-0.0003939566689777544,0.0,0.0,0.0,270.0,597.0
345,GILD,2010,5,0.0011683876096062994,9518.0,17656.0,4.0,59.0,73.0
346,GILD,2010,6,0.002175707459480276,348.0,465.0,1.0,0.0,0.0
347,GILD,2010,7,-0.0005150251926017999,18025.0,33557.0,4.0,59.0,73.0
348,GILD,2010,8,0.002356851891817256,8339.0,15874.0,2.0,180.0,398.0
349,GILD,2010,9,0.003270048796339556,139.0,203.0,1.0,0.0,0.0
350,GILD,2010,10,0.0038683351433549634,1546.0,2886.0,1.0,0.0,0.0
351,GILD,2010,11,-0.0035425218530378577,7515.0,14710.0,2.0,0.0,0.0
352,GILD,2010,12,-0.0031941444952346613,412.0,550.0,1.0,0.0,0.0
353,GILD,2011,1,0.002281831636607266,1813.0,3340.0,4.0,90.0,199.0
354,GILD,2011,2,-0.0003460751206032742,10648.0,20076.0,4.0,59.0,73.0
355,GILD,2011,3,0.004193730985764436,2374.0,3944.0,1.0,90.0,199.0
356,GILD,2011,4,-0.005529509548258878,9068.0,16278.0,2.0,0.0,0.0
357,GILD,2011,5,0.0032720996986084403,10937.0,21614.0,2.0,149.0,272.0
358,GILD,2011,6,-0.00031694575813429174,133.0,185.0,1.0,0.0,0.0
359,GILD,2011,7,0.001174598267871916,1636.0,2957.0,1.0,59.0,73.0
360,GILD,2011,8,-0.001014035977939301,7509.0,13889.0,1.0,0.0,0.0
361,GILD,2011,9,0.0007852210389089167,0.0,0.0,0.0,59.0,73.0
362,GILD,2011,10,-0.0012259012900915154,1692.0,3231.0,2.0,180.0,398.0
363,GILD,2011,11,-0.0022340855629203724,18751.0,26513.0,3.0,90.0,225.0
364,GILD,2011,12,0.0012045221793625448,12130.0,20340.0,3.0,298.0,544.0
365,GILD,2012,1,0.00630264952680575,15284.0,35414.0,2.0,90.0,199.0
366,GILD,2012,2,-0.006465311931093507,12780.0,25244.0,4.0,1232.0,2348.0
367,GILD,2012,3,0.0017831989752330807,0.0,0.0,0.0,0.0,0.0
368,GILD,2012,4,0.002379159160042805,4499.0,5908.0,1.0,59.0,73.0
369,GILD,2012,5,-0.00156684563333907,14022.0,19803.0,2.0,0.0,0.0
370,GILD,2012,6,-0.00038330416967732205,0.0,0.0,0.0,59.0,73.0
371,GILD,2012,7,0.0016950265681292423,7752.0,10888.0,2.0,0.0,0.0
372,GILD,2012,8,8.556637143629123e-05,13255.0,19355.0,1.0,0.0,0.0
373,GILD,2012,9,0.004427616996226405,607.0,1016.0,1.0,0.0,0.0
374,GILD,2012,10,-0.0008744755851152331,7500.0,10525.0,1.0,90.0,199.0
375,GILD,2012,11,0.001943566416988,13457.0,19495.0,2.0,59.0,73.0
376,GILD,2012,12,-0.0045905206283188785,1066.0,1027.0,2.0,59.0,73.0
377,GILD,2013,1,-0.0011207932510085635,203.0,230.0,1.0,0.0,0.0
378,GILD,2013,2,0.0015495774496008005,24433.0,35508.0,6.0,0.0,0.0
379,GILD,2013,3,0.0029762046579096786,0.0,0.0,0.0,0.0,0.0
380,GILD,2013,4,-0.0014062293343502412,0.0,0.0,0.0,167884.0,402396.0
381,GILD,2013,5,0.00020436003487476565,21727.0,30980.0,3.0,0.0,0.0
382,GILD,2013,6,-0.003258410230429916,0.0,0.0,0.0,0.0,0.0
383,GILD,2013,7,0.003484941412701718,6270.0,11996.0,1.0,0.0,0.0
384,GILD,2013,8,-0.0003198294862587796,13251.0,19435.0,2.0,0.0,0.0
385,GILD,2013,9,-0.0009185254105401301,0.0,0.0,0.0,0.0,0.0
386,GILD,2013,10,0.001346512806239344,19485.0,31682.0,2.0,90.0,199.0
387,GILD,2013,11,-0.0013038371151304917,0.0,0.0,0.0,59.0,74.0
388,GILD,2013,12,-0.002712468997024565,0.0,0.0,0.0,59.0,73.0
389,GILD,2014,1,0.005507842367920276,971.0,1514.0,2.0,0.0,0.0
390,GILD,2014,2,-0.0037434369169020857,23891.0,36158.0,3.0,18429.0,42017.0
391,GILD,2014,3,-0.008363437286854238,5462.0,10365.0,1.0,146960.0,335552.0
392,GILD,2014,4,0.004923862577208475,4537.0,8530.0,1.0,295.0,365.0
393,GILD,2014,5,-0.00016556793534045874,14295.0,21126.0,2.0,21437.0,48679.0
394,GILD,2014,6,0.00029156686848792615,252.0,420.0,1.0,157501.0,351508.0
395,GILD,2014,7,0.006137929613181616,7070.0,14067.0,1.0,170611.0,388337.0
396,GILD,2014,8,0.0030334919664953327,13369.0,19725.0,2.0,419.0,869.0
397,GILD,2014,9,-0.0024797298383781073,0.0,0.0,0.0,180.0,398.0
398,GILD,2014,10,-0.0018765865048039156,7006.0,14041.0,1.0,4348.0,7222.0
399,GILD,2014,11,-0.009442480731345678,20315.0,33887.0,2.0,4815.0,7809.0
400,GILD,2014,12,-0.0029880833656188914,255.0,444.0,1.0,118.0,146.0
401,GILD,2015,1,0.00762447970695084,241.0,328.0,1.0,59.0,73.0
402,GILD,2015,2,-0.0029792050199211758,23444.0,35807.0,3.0,0.0,0.0
403,GILD,2015,3,-0.000499201698291814,0.0,0.0,0.0,105017.0,183883.0
404,GILD,2015,4,0.0011508821106708245,5073.0,7754.0,1.0,295.0,365.0
405,GILD,2015,5,0.0046520644404309044,12954.0,19237.0,2.0,149.0,272.0
406,GILD,2015,6,0.002205771184182866,0.0,0.0,0.0,0.0,0.0
407,GILD,2015,7,-0.0020483361364936215,8571.0,13538.0,1.0,0.0,0.0
408,GILD,2015,8,-0.002051182589630232,13015.0,18970.0,1.0,59.0,74.0
409,GILD,2015,9,-0.0027675739467777137,9689.0,19381.0,1.0,0.0,0.0
410,GILD,2015,10,4.6692545729001654e-05,8361.0,13173.0,1.0,177.0,219.0
411,GILD,2015,11,-0.00018217849904914979,13023.0,18915.0,1.0,149.0,272.0
412,GILD,2015,12,-8.325473697517526e-05,3133.0,5751.0,1.0,0.0,0.0
413,GILD,2016,1,-0.006121877072660532,379.0,1054.0,1.0,534.0,836.0
414,GILD,2016,2,0.004247921724413435,23185.0,34456.0,3.0,4425.0,7734.0
415,GILD,2016,3,0.0010881597795923796,4820.0,7469.0,1.0,0.0,0.0
416,GILD,2016,4,-0.0012028366259151544,5691.0,8564.0,1.0,118.0,146.0
417,GILD,2016,5,0.0006259407449003567,13982.0,21072.0,3.0,0.0,0.0
418,GILD,2016,6,-0.0005806636264708238,0.0,0.0,0.0,24276.0,56988.0
419,GILD,2016,7,-0.0028177980697084142,9753.0,15545.0,1.0,326.0,492.0
420,GILD,2016,8,0.001654134090558917,13441.0,19281.0,2.0,149.0,272.0
421,GILD,2016,9,0.002944280102386265,8918.0,18338.0,1.0,141732.0,336668.0
422,GILD,2016,10,-0.000921713260166382,0.0,0.0,0.0,121203.0,284721.0
423,GILD,2016,11,-0.00013011307412620204,22960.0,34660.0,2.0,298.0,544.0
424,GILD,2016,12,-0.0004952650024039022,0.0,0.0,0.0,239.0,471.0
425,GILD,2017,1,0.0010621512707573008,0.0,0.0,0.0,593.0,909.0
426,GILD,2017,2,-0.0015232069998684101,25932.0,36851.0,4.0,110135.0,262729.0
427,GILD,2017,3,0.0002781351520643762,0.0,0.0,0.0,26604.0,67592.0
428,GILD,2017,4,0.0020963108812115873,0.0,0.0,0.0,267.0,418.0
429,GILD,2017,5,-0.0013954614035446367,22038.0,33930.0,3.0,149.0,272.0
430,GILD,2017,6,0.005025920001061061,0.0,0.0,0.0,118.0,146.0
431,GILD,2017,7,0.0029662407677092514,9829.0,15874.0,1.0,90.0,199.0
432,GILD,2017,8,0.0034232177830453526,22827.0,33072.0,2.0,298.0,544.0
433,GILD,2017,9,-0.004229085140984986,18861.0,40920.0,4.0,59.0,73.0
434,GILD,2017,10,-0.006055272527977079,10662.0,17276.0,1.0,652.0,982.0
435,GILD,2017,11,-0.0014378933802038029,13267.0,18951.0,1.0,677.0,928.0
436,GILD,2017,12,-0.001948213244912843,151.0,273.0,1.0,1203.0,1893.0
437,GILD,2018,1,0.005227961032069785,0.0,0.0,0.0,503.0,710.0
438,GILD,2018,2,0.0003691913139838245,27386.0,39051.0,3.0,118.0,146.0
439,GILD,2018,3,0.0001560960135190484,0.0,0.0,0.0,210.0,950.0
440,GILD,2018,4,-0.0021167385297426603,0.0,0.0,0.0,90.0,199.0
441,GILD,2018,5,-0.0032657616169548807,20119.0,30834.0,3.0,712.0,2236.0
442,GILD,2018,6,0.003346358633935605,0.0,0.0,0.0,118.0,146.0
443,GILD,2018,7,0.0035932674027761655,11835.0,18545.0,2.0,118.0,146.0
444,GILD,2018,8,-0.001909842917468796,14400.0,21688.0,2.0,295.0,365.0
445,GILD,2018,9,0.0014890283023494416,151.0,458.0,1.0,118.0,146.0
446,GILD,2018,10,-0.0017336723533287583,11817.0,18173.0,1.0,565.0,962.0
447,GILD,2018,11,0.0020197653172139957,12922.0,18262.0,1.0,593.0,909.0
448,GILD,2018,12,-0.00192569937748386,1137.0,2444.0,1.0,506.0,889.0
449,GILD,2019,1,0.0026290883919270103,262.0,1103.0,1.0,66079.0,133911.0
450,GILD,2019,2,-0.004564036341694424,28329.0,40132.0,4.0,130963.0,265467.0
451,GILD,2019,3,0.0006419060555786787,81.0,319.0,1.0,44492.0,105129.0
452,GILD,2019,4,-0.00024438835528804985,0.0,0.0,0.0,621.0,856.0
453,GILD,2019,5,0.0013719952943671858,25585.0,42475.0,6.0,74856.0,164404.0
454,GILD,2019,6,0.0022219013751038344,0.0,0.0,0.0,171812.0,330666.0
455,GILD,2019,7,-0.001334656584322652,13082.0,21151.0,4.0,43362.0,85923.0
456,GILD,2019,8,4.209970904993639e-05,14087.0,25197.0,2.0,239.0,471.0
457,GILD,2019,9,-0.0007141927999509013,0.0,0.0,0.0,341.0,555.0
458,GILD,2019,10,5.609864379942777e-05,13851.0,22800.0,2.0,11298.0,20788.0
459,GILD,2019,11,0.00037335004168747687,12546.0,21537.0,1.0,475.0,763.0
460,INCY,2010,5,-0.00039613259677219735,11316.0,25922.0,4.0,0.0,0.0
461,INCY,2010,6,-0.004206564576278461,0.0,0.0,0.0,0.0,0.0
462,INCY,2010,7,0.0002031488497347609,0.0,0.0,0.0,0.0,0.0
463,INCY,2010,8,0.0014960548565878863,8933.0,17186.0,2.0,0.0,0.0
464,INCY,2010,9,0.0026619472316232826,437.0,902.0,1.0,0.0,0.0
465,INCY,2010,10,-0.0024086353008853567,0.0,0.0,0.0,0.0,0.0
466,INCY,2010,11,-0.007979357373510123,8302.0,15993.0,3.0,0.0,0.0
467,INCY,2010,12,0.0017559076265830946,443.0,1134.0,1.0,0.0,0.0
468,INCY,2011,1,-0.007184878160276742,98.0,428.0,1.0,0.0,0.0
469,INCY,2011,2,-0.003948863217011543,13920.0,16525.0,5.0,0.0,0.0
470,INCY,2011,3,0.009599176451395488,430.0,1316.0,2.0,0.0,0.0
471,INCY,2011,4,0.006429865833581215,0.0,0.0,0.0,0.0,0.0
472,INCY,2011,5,-0.002785438492959654,13952.0,29138.0,3.0,0.0,0.0
473,INCY,2011,6,0.002213598013093987,186.0,699.0,1.0,0.0,0.0
474,INCY,2011,7,-0.006036442102578161,9420.0,17725.0,2.0,0.0,0.0
475,INCY,2011,8,-0.0025720455208678096,171.0,656.0,1.0,0.0,0.0
476,INCY,2011,9,-0.0014491927919860366,0.0,0.0,0.0,0.0,0.0
477,INCY,2011,10,-0.006416645087013932,9571.0,18192.0,2.0,0.0,0.0
478,INCY,2011,11,0.003311351751017405,67.0,410.0,1.0,0.0,0.0
479,INCY,2011,12,0.005462612523548046,85.0,435.0,1.0,0.0,0.0
480,INCY,2012,1,0.005583753964701686,0.0,0.0,0.0,0.0,0.0
481,INCY,2012,2,-0.004657269953803171,15332.0,17449.0,3.0,0.0,0.0
482,INCY,2012,3,0.0036110347558786777,136.0,501.0,1.0,0.0,0.0
483,INCY,2012,4,0.00588696064524076,10739.0,20507.0,4.0,0.0,0.0
484,INCY,2012,5,-0.0018589354557213807,0.0,0.0,0.0,0.0,0.0
485,INCY,2012,6,-0.003175266994309059,2538.0,6817.0,1.0,0.0,0.0
486,INCY,2012,7,6.88790274418628e-05,0.0,0.0,0.0,0.0,0.0
487,INCY,2012,8,-0.011688819179071466,11286.0,21777.0,3.0,0.0,0.0
488,INCY,2012,9,-0.006279866426308037,0.0,0.0,0.0,0.0,0.0
489,INCY,2012,10,-0.0009881520081908822,0.0,0.0,0.0,90.0,199.0
490,INCY,2012,11,0.007810596149865883,9915.0,18756.0,3.0,0.0,0.0
491,INCY,2012,12,0.0007245583708573576,0.0,0.0,0.0,0.0,0.0
492,INCY,2013,1,0.0025609909493584364,0.0,0.0,0.0,0.0,0.0
493,INCY,2013,2,0.009183108593021433,14906.0,17015.0,3.0,0.0,0.0
494,INCY,2013,3,-0.0019020875718513547,225.0,886.0,2.0,0.0,0.0
495,INCY,2013,4,-0.004327042113259472,1767.0,3352.0,1.0,0.0,0.0
496,INCY,2013,5,-0.002488581021524016,10222.0,19251.0,3.0,0.0,0.0
497,INCY,2013,6,0.0011489269673679943,2914.0,9102.0,1.0,0.0,0.0
498,INCY,2013,7,-0.0002884078356243046,0.0,0.0,0.0,19430.0,47803.0
499,INCY,2013,8,0.018079503761135537,9987.0,17685.0,2.0,19430.0,47803.0
500,INCY,2013,9,-0.0004495489538549646,97.0,434.0,1.0,0.0,0.0
501,INCY,2013,10,-0.006943600897222998,9956.0,18050.0,2.0,0.0,0.0
502,INCY,2013,11,0.0011376329384455374,10231.0,19771.0,3.0,0.0,0.0
503,INCY,2013,12,-0.0037091829249380932,0.0,0.0,0.0,0.0,0.0
504,INCY,2014,1,0.010319100216326944,2798.0,6200.0,2.0,0.0,0.0
505,INCY,2014,2,-0.009621403809037886,14368.0,16694.0,3.0,0.0,0.0
506,INCY,2014,3,-0.012746733970539801,134.0,497.0,1.0,0.0,0.0
507,INCY,2014,4,-0.005293494689191193,0.0,0.0,0.0,0.0,0.0
508,INCY,2014,5,-0.0007606751186864387,13048.0,26649.0,3.0,0.0,0.0
509,INCY,2014,6,0.007113621828994047,0.0,0.0,0.0,0.0,0.0
510,INCY,2014,7,-0.0011912771280423553,9866.0,17664.0,2.0,0.0,0.0
511,INCY,2014,8,0.0042470395679965215,0.0,0.0,0.0,0.0,0.0
512,INCY,2014,9,-0.0017898154314178367,0.0,0.0,0.0,0.0,0.0
513,INCY,2014,10,0.013289762295110199,9755.0,18495.0,4.0,0.0,0.0
514,INCY,2014,11,0.0022905117430550744,0.0,0.0,0.0,0.0,0.0
515,INCY,2014,12,-0.004919177317856734,0.0,0.0,0.0,0.0,0.0
516,INCY,2015,1,0.0027292530976973767,369.0,1246.0,3.0,0.0,0.0
517,INCY,2015,2,-0.0035701968694481084,14129.0,19396.0,7.0,0.0,0.0
518,INCY,2015,3,-0.0012320404215080576,0.0,0.0,0.0,0.0,0.0
519,INCY,2015,4,-0.000529339708860491,10325.0,19763.0,4.0,0.0,0.0
520,INCY,2015,5,0.0027081577884279706,340.0,1324.0,2.0,0.0,0.0
521,INCY,2015,6,-0.004485121813961126,63.0,361.0,1.0,0.0,0.0
522,INCY,2015,7,-0.004004556867301424,0.0,0.0,0.0,0.0,0.0
523,INCY,2015,8,0.008600532195606385,13766.0,27236.0,3.0,0.0,0.0
524,INCY,2015,9,-0.0033111727672383027,253.0,944.0,1.0,0.0,0.0
525,INCY,2015,10,-0.004648563191332726,0.0,0.0,0.0,1357.0,1679.0
526,INCY,2015,11,-0.0021214242415029715,17529.0,22806.0,2.0,1003.0,1241.0
527,INCY,2015,12,-0.001599080155489258,0.0,0.0,0.0,885.0,1095.0
528,INCY,2016,1,-0.016548474267639085,202.0,851.0,2.0,0.0,0.0
529,INCY,2016,2,0.006681798106451577,20388.0,26882.0,3.0,20894.0,58537.0
530,INCY,2016,3,-0.0006528649411133676,0.0,0.0,0.0,0.0,0.0
531,INCY,2016,4,0.0034615927206166418,185.0,800.0,2.0,0.0,0.0
532,INCY,2016,5,0.009819321335229943,20796.0,31726.0,3.0,0.0,0.0
533,INCY,2016,6,-0.0013503800662303762,149.0,556.0,1.0,0.0,0.0
534,INCY,2016,7,0.0032715140021490085,329.0,959.0,1.0,0.0,0.0
535,INCY,2016,8,-0.004922212834431644,17471.0,22102.0,2.0,0.0,0.0
536,INCY,2016,9,0.0070001487778668355,0.0,0.0,0.0,0.0,0.0
537,INCY,2016,10,-0.0028994849251451796,0.0,0.0,0.0,0.0,0.0
538,INCY,2016,11,0.003170030092319582,16364.0,21915.0,2.0,0.0,0.0
539,INCY,2016,12,-0.0037461968307477035,896.0,1974.0,2.0,0.0,0.0
540,INCY,2017,1,0.005279841653934849,379.0,1516.0,3.0,0.0,0.0
541,INCY,2017,2,-0.000691506128921493,19334.0,24136.0,4.0,0.0,0.0
542,INCY,2017,3,-0.0027544266909642857,0.0,0.0,0.0,0.0,0.0
543,INCY,2017,4,-0.005258904159140675,86.0,423.0,1.0,0.0,0.0
544,INCY,2017,5,-5.300000346814577e-05,17459.0,24144.0,3.0,0.0,0.0
545,INCY,2017,6,-0.0015012520432251717,0.0,0.0,0.0,16285.0,47585.0
546,INCY,2017,7,0.001874370101947162,0.0,0.0,0.0,0.0,0.0
547,INCY,2017,8,0.002568043218163836,17251.0,23174.0,2.0,0.0,0.0
548,INCY,2017,9,-0.008676851397925756,2426.0,3628.0,1.0,0.0,0.0
549,INCY,2017,10,-0.0011120558294020026,17228.0,24117.0,4.0,0.0,0.0
550,INCY,2017,11,-0.005411145906694505,1663.0,3103.0,1.0,8.0,27.0
551,INCY,2017,12,0.0013903411109807845,0.0,0.0,0.0,8.0,27.0
552,INCY,2018,1,-0.0013254252736164148,0.0,0.0,0.0,50067.0,139317.0
553,INCY,2018,2,0.003291406077829847,18520.0,22538.0,3.0,0.0,0.0
554,INCY,2018,3,0.0032577755053602823,0.0,0.0,0.0,0.0,0.0
555,INCY,2018,4,-0.010577079007210907,83.0,389.0,1.0,0.0,0.0
556,INCY,2018,5,0.006852684445091494,19029.0,29331.0,3.0,0.0,0.0
557,INCY,2018,6,0.0014516935147330177,0.0,0.0,0.0,0.0,0.0
558,INCY,2018,7,-0.0008805635431559244,16394.0,22249.0,2.0,0.0,0.0
559,INCY,2018,8,0.00504464004021694,0.0,0.0,0.0,0.0,0.0
560,INCY,2018,9,-0.0034001944128336566,78.0,406.0,1.0,0.0,0.0
561,INCY,2018,10,0.0015528430686539503,16450.0,22186.0,2.0,0.0,0.0
562,INCY,2018,11,-0.0011602562184943358,72.0,391.0,1.0,0.0,0.0
563,INCY,2018,12,0.005837584214704404,0.0,0.0,0.0,0.0,0.0
564,INCY,2019,1,0.005202604907903991,717.0,2352.0,2.0,268194.0,701534.0
565,INCY,2019,2,-0.000909459329761485,18806.0,22526.0,2.0,85698.0,164988.0
566,INCY,2019,3,-0.003848391353315768,0.0,0.0,0.0,228528.0,439968.0
567,INCY,2019,4,-0.008488568585601501,16377.0,21981.0,3.0,142830.0,274980.0
568,INCY,2019,5,0.0033673365014838755,0.0,0.0,0.0,228528.0,439968.0
569,INCY,2019,6,0.00033451761640329846,0.0,0.0,0.0,0.0,0.0
570,INCY,2019,7,0.00031879354003437133,10746.0,28045.0,2.0,0.0,0.0
571,INCY,2019,8,-0.0004953647755596216,0.0,0.0,0.0,0.0,0.0
572,INCY,2019,9,-0.005476676355943732,0.0,0.0,0.0,0.0,0.0
573,INCY,2019,10,0.005516726010111357,9877.0,27964.0,2.0,0.0,0.0
574,INCY,2019,11,-0.0006198756334462823,0.0,0.0,0.0,0.0,0.0
575,REGN,2010,5,0.0004988287819775106,325.0,610.0,1.0,0.0,0.0
576,REGN,2010,6,-0.00813344458956158,668.0,1886.0,2.0,0.0,0.0
577,REGN,2010,7,0.000569538934341468,11541.0,14061.0,2.0,0.0,0.0
578,REGN,2010,8,-0.0013762196994475309,0.0,0.0,0.0,0.0,0.0
579,REGN,2010,9,0.003800203361224598,0.0,0.0,0.0,0.0,0.0
580,REGN,2010,10,-0.003855178965679101,12755.0,17097.0,3.0,0.0,0.0
581,REGN,2010,11,0.005203961002426598,1004.0,1454.0,2.0,0.0,0.0
582,REGN,2010,12,0.001256181860042787,860.0,1717.0,2.0,0.0,0.0
583,REGN,2011,1,-0.0021426292462427498,0.0,0.0,0.0,0.0,0.0
584,REGN,2011,2,0.0004475092512365314,12441.0,14821.0,3.0,0.0,0.0
585,REGN,2011,3,0.0067383080593066405,389.0,631.0,1.0,0.0,0.0
586,REGN,2011,4,0.00011029099734213565,1129.0,1686.0,3.0,0.0,0.0
587,REGN,2011,5,0.004416795961614018,10521.0,13237.0,2.0,0.0,0.0
588,REGN,2011,6,-0.005843295990090245,654.0,1803.0,3.0,0.0,0.0
589,REGN,2011,7,-0.006343523278904277,10091.0,12247.0,3.0,0.0,0.0
590,REGN,2011,8,0.004767866240345276,415.0,1203.0,2.0,0.0,0.0
591,REGN,2011,9,-0.0012981072454636173,132.0,1045.0,1.0,0.0,0.0
592,REGN,2011,10,-0.008411844103220031,24785.0,39205.0,5.0,0.0,0.0
593,REGN,2011,11,0.0035134877613387165,1231.0,2605.0,4.0,0.0,0.0
594,REGN,2011,12,-0.003973147179355975,571.0,877.0,2.0,0.0,0.0
595,REGN,2012,1,0.021446249479351275,398.0,1453.0,2.0,0.0,0.0
596,REGN,2012,2,0.0022154372369644487,16060.0,17768.0,3.0,0.0,0.0
597,REGN,2012,3,-0.0014882340645181102,0.0,0.0,0.0,0.0,0.0
598,REGN,2012,4,0.0009782863225854047,11878.0,17581.0,2.0,0.0,0.0
599,REGN,2012,5,-0.003155551577852606,505.0,1025.0,1.0,0.0,0.0
600,REGN,2012,6,-0.015381220064051552,117.0,453.0,1.0,0.0,0.0
601,REGN,2012,7,0.005428247550167706,14113.0,13851.0,2.0,0.0,0.0
602,REGN,2012,8,0.0010971687030131994,0.0,0.0,0.0,0.0,0.0
603,REGN,2012,9,-0.001057188831296718,0.0,0.0,0.0,0.0,0.0
604,REGN,2012,10,-0.002762658637764678,13778.0,20093.0,2.0,0.0,0.0
605,REGN,2012,11,0.007469394125403759,0.0,0.0,0.0,0.0,0.0
606,REGN,2012,12,-0.005104249321515247,0.0,0.0,0.0,0.0,0.0
607,REGN,2013,1,-0.0038935353782790358,1262.0,1029.0,1.0,0.0,0.0
608,REGN,2013,2,-0.0034379266446530683,17854.0,23538.0,2.0,0.0,0.0
609,REGN,2013,3,0.00045613196047043867,0.0,0.0,0.0,0.0,0.0
610,REGN,2013,4,0.007044303649397927,163.0,732.0,2.0,0.0,0.0
611,REGN,2013,5,0.0021365979743922935,14371.0,22134.0,4.0,0.0,0.0
612,REGN,2013,6,-0.004319854671682053,114.0,453.0,1.0,0.0,0.0
613,REGN,2013,7,0.0022512868448091544,0.0,0.0,0.0,0.0,0.0
614,REGN,2013,8,-0.004110295190709278,13795.0,20656.0,2.0,0.0,0.0
615,REGN,2013,9,0.008927399761538581,394.0,1145.0,1.0,0.0,0.0
616,REGN,2013,10,-0.008702440288104279,1495.0,1077.0,1.0,0.0,0.0
617,REGN,2013,11,-0.002021452587588555,13953.0,20601.0,2.0,0.0,0.0
618,REGN,2013,12,-0.004399893398357303,0.0,0.0,0.0,0.0,0.0
619,REGN,2014,1,0.006672298765842723,5953.0,7814.0,3.0,0.0,0.0
620,REGN,2014,2,0.003874180708768646,21426.0,29318.0,3.0,0.0,0.0
621,REGN,2014,3,-0.004966601066046368,1750.0,1089.0,1.0,0.0,0.0
622,REGN,2014,4,-0.000549824926517234,116.0,436.0,1.0,0.0,0.0
623,REGN,2014,5,-0.0003188694279913153,14125.0,19998.0,3.0,0.0,0.0
624,REGN,2014,6,-0.00497263819160402,2053.0,3784.0,1.0,0.0,0.0
625,REGN,2014,7,0.008561709760081358,0.0,0.0,0.0,0.0,0.0
626,REGN,2014,8,0.001980034506788107,13967.0,20200.0,3.0,0.0,0.0
627,REGN,2014,9,0.0013311400898786418,0.0,0.0,0.0,0.0,0.0
628,REGN,2014,10,0.0004999047058391913,0.0,0.0,0.0,0.0,0.0
629,REGN,2014,11,-0.0011400604568152324,13487.0,20334.0,4.0,0.0,0.0
630,REGN,2014,12,-0.002652532817264457,82.0,354.0,1.0,0.0,0.0
631,REGN,2015,1,0.001381493303511622,793.0,3606.0,1.0,0.0,0.0
632,REGN,2015,2,-0.00462412320571758,21612.0,29613.0,5.0,0.0,0.0
633,REGN,2015,3,0.0037654102543534245,12324.0,24114.0,3.0,0.0,0.0
634,REGN,2015,4,-0.0008821149231926894,0.0,0.0,0.0,0.0,0.0
635,REGN,2015,5,0.003832940512456201,13980.0,19421.0,2.0,0.0,0.0
636,REGN,2015,6,-0.0008473334103028727,811.0,1679.0,1.0,0.0,0.0
637,REGN,2015,7,1.1403925279743872e-05,274.0,698.0,1.0,0.0,0.0
638,REGN,2015,8,-0.00175971050830814,13843.0,19854.0,3.0,0.0,0.0
639,REGN,2015,9,-0.0052185371038498815,0.0,0.0,0.0,0.0,0.0
640,REGN,2015,10,0.0023918120349939796,96.0,437.0,1.0,0.0,0.0
641,REGN,2015,11,-0.0023396229423886437,15786.0,23796.0,5.0,0.0,0.0
642,REGN,2015,12,0.0008732503245842126,0.0,0.0,0.0,0.0,0.0
643,REGN,2016,1,-0.008920694559744029,1124.0,2674.0,1.0,0.0,0.0
644,REGN,2016,2,-0.002102214221317368,22587.0,31356.0,5.0,0.0,0.0
645,REGN,2016,3,-0.003416813990811299,165.0,462.0,1.0,0.0,0.0
646,REGN,2016,4,0.005259772839627416,0.0,0.0,0.0,0.0,0.0
647,REGN,2016,5,0.005232172590156894,14723.0,21205.0,3.0,0.0,0.0
648,REGN,2016,6,-0.0025945488564643867,180.0,588.0,1.0,0.0,0.0
649,REGN,2016,7,0.009090747868890674,0.0,0.0,0.0,0.0,0.0
650,REGN,2016,8,-0.0034007472866586464,14336.0,20089.0,2.0,0.0,0.0
651,REGN,2016,9,0.0014799967499210568,209.0,871.0,2.0,0.0,0.0
652,REGN,2016,10,-0.005301945211826561,123.0,427.0,1.0,0.0,0.0
653,REGN,2016,11,0.0018081841175019361,14890.0,21200.0,5.0,0.0,0.0
654,REGN,2016,12,-0.0018940279296802043,1428.0,2989.0,2.0,0.0,0.0
655,REGN,2017,1,-0.0006612691084490214,1431.0,3434.0,2.0,0.0,0.0
656,REGN,2017,2,0.0011968155975721345,17728.0,24186.0,4.0,0.0,0.0
657,REGN,2017,3,0.0030045082965682764,10696.0,19257.0,1.0,0.0,0.0
658,REGN,2017,4,0.001211910741659064,0.0,0.0,0.0,0.0,0.0
659,REGN,2017,5,0.006114417969050873,14376.0,19931.0,2.0,0.0,0.0
660,REGN,2017,6,0.0005392281489624066,413.0,1066.0,1.0,0.0,0.0
661,REGN,2017,7,-0.0035503997368006093,0.0,0.0,0.0,0.0,0.0
662,REGN,2017,8,-0.0013553831340686801,14202.0,19591.0,2.0,0.0,0.0
663,REGN,2017,9,-0.0073613225399731435,0.0,0.0,0.0,0.0,0.0
664,REGN,2017,10,-0.004816759299882522,0.0,0.0,0.0,0.0,0.0
665,REGN,2017,11,-0.0034097582280927644,14395.0,19632.0,2.0,0.0,0.0
666,REGN,2017,12,0.0047851840946619454,0.0,0.0,0.0,0.0,0.0
667,REGN,2018,1,-0.0002471029769355946,1946.0,4139.0,3.0,0.0,0.0
668,REGN,2018,2,-0.004437680053637701,17513.0,24159.0,3.0,0.0,0.0
669,REGN,2018,3,0.00765115146946315,0.0,0.0,0.0,0.0,0.0
670,REGN,2018,4,-0.0040681336742448455,0.0,0.0,0.0,0.0,0.0
671,REGN,2018,5,0.0011941567234961094,13682.0,20273.0,2.0,0.0,0.0
672,REGN,2018,6,0.007829131331762707,202.0,561.0,1.0,0.0,0.0
673,REGN,2018,7,0.0006873438197167269,0.0,0.0,0.0,0.0,0.0
674,REGN,2018,8,0.002350104880628192,13495.0,19696.0,2.0,0.0,0.0
675,REGN,2018,9,-0.0020791777450192904,0.0,0.0,0.0,0.0,0.0
676,REGN,2018,10,-0.005980440411298708,1436.0,3107.0,1.0,0.0,0.0
677,REGN,2018,11,0.001927531991398481,13566.0,19624.0,2.0,0.0,0.0
678,REGN,2018,12,0.006780002944258331,11649.0,18611.0,1.0,0.0,0.0
679,REGN,2019,1,0.0006763798722942043,2248.0,4246.0,1.0,0.0,0.0
680,REGN,2019,2,-0.0029793948728967577,22184.0,33628.0,3.0,0.0,0.0
681,REGN,2019,3,-0.004237396712098256,0.0,0.0,0.0,0.0,0.0
682,REGN,2019,4,-0.010605322927271208,481.0,885.0,1.0,0.0,0.0
683,REGN,2019,5,0.001016329847579269,32143.0,42565.0,3.0,0.0,0.0
684,REGN,2019,6,0.0017506377322460108,198.0,573.0,1.0,0.0,0.0
685,REGN,2019,7,0.002206025128655756,0.0,0.0,0.0,0.0,0.0
686,REGN,2019,8,0.00205763036565928,13693.0,21810.0,2.0,0.0,0.0
687,REGN,2019,9,-0.0007681708531014945,0.0,0.0,0.0,0.0,0.0
688,REGN,2019,10,0.0044231288615648665,0.0,0.0,0.0,0.0,0.0
689,REGN,2019,11,0.0002483455696563339,13811.0,21320.0,2.0,0.0,0.0
690,VRTX,2010,5,-0.0008376351302997069,9772.0,21265.0,3.0,0.0,0.0
691,VRTX,2010,6,0.0010594990988465579,0.0,0.0,0.0,0.0,0.0
692,VRTX,2010,7,0.0002903373126214244,1872.0,3947.0,2.0,0.0,0.0
693,VRTX,2010,8,0.0024665821046008746,10652.0,13114.0,2.0,0.0,0.0
694,VRTX,2010,9,-0.001875209697077779,15862.0,28811.0,3.0,0.0,0.0
695,VRTX,2010,10,0.0037324576019944662,11278.0,15501.0,3.0,0.0,0.0
696,VRTX,2010,11,-0.0060348688309145955,0.0,0.0,0.0,0.0,0.0
697,VRTX,2010,12,0.0007144069241712636,0.0,0.0,0.0,0.0,0.0
698,VRTX,2011,1,0.004982189514314667,549.0,1579.0,2.0,0.0,0.0
699,VRTX,2011,2,0.00852993725011333,12672.0,17026.0,4.0,0.0,0.0
700,VRTX,2011,3,-0.0011568461481086898,648.0,1357.0,1.0,0.0,0.0
701,VRTX,2011,4,0.0029501164477482287,119.0,392.0,1.0,0.0,0.0
702,VRTX,2011,5,-0.003952048047387097,11277.0,19745.0,5.0,0.0,0.0
703,VRTX,2011,6,-0.0030130683982095012,88.0,364.0,1.0,0.0,0.0
704,VRTX,2011,7,-0.0011392252348119448,2107.0,4081.0,1.0,0.0,0.0
705,VRTX,2011,8,-0.0049236501244245045,9521.0,13033.0,3.0,0.0,0.0
706,VRTX,2011,9,0.0017251928517524361,65.0,317.0,1.0,0.0,0.0
707,VRTX,2011,10,-0.008293360120403468,4359.0,7706.0,1.0,0.0,0.0
708,VRTX,2011,11,-0.010701478785547522,9719.0,11568.0,1.0,0.0,0.0
709,VRTX,2011,12,0.010388098684097602,123.0,514.0,1.0,0.0,0.0
710,VRTX,2012,1,0.007146622170520639,57.0,300.0,1.0,0.0,0.0
711,VRTX,2012,2,0.004672361939928018,15696.0,21385.0,4.0,0.0,0.0
712,VRTX,2012,3,0.0022469206361735907,0.0,0.0,0.0,0.0,0.0
713,VRTX,2012,4,-0.004327605920997063,2467.0,4643.0,1.0,0.0,0.0
714,VRTX,2012,5,0.017318282574590844,10124.0,13029.0,3.0,0.0,0.0
715,VRTX,2012,6,-0.009332130589491849,55.0,290.0,1.0,0.0,0.0
716,VRTX,2012,7,-0.01053276265298466,3518.0,6306.0,1.0,0.0,0.0
717,VRTX,2012,8,0.0008259547992796735,9219.0,11613.0,1.0,0.0,0.0
718,VRTX,2012,9,-0.002124219671626659,74.0,339.0,1.0,0.0,0.0
719,VRTX,2012,10,-0.003319628068763448,0.0,0.0,0.0,0.0,0.0
720,VRTX,2012,11,-0.00596949244711291,13020.0,19120.0,2.0,0.0,0.0
721,VRTX,2012,12,0.004815476200916458,0.0,0.0,0.0,0.0,0.0
722,VRTX,2013,1,0.0016395116186417994,4593.0,8583.0,1.0,0.0,0.0
723,VRTX,2013,2,0.004347992427312877,1599.0,1387.0,1.0,0.0,0.0
724,VRTX,2013,3,0.006859100756774139,15096.0,20429.0,1.0,0.0,0.0
725,VRTX,2013,4,0.011551742412147464,3565.0,5479.0,1.0,0.0,0.0
726,VRTX,2013,5,-0.0033624970899012604,14028.0,19999.0,3.0,0.0,0.0
727,VRTX,2013,6,-0.0018145078727318214,0.0,0.0,0.0,0.0,0.0
728,VRTX,2013,7,-0.008518898788011669,5578.0,9482.0,1.0,0.0,0.0
729,VRTX,2013,8,-0.0025521493886982503,13729.0,19032.0,1.0,0.0,0.0
730,VRTX,2013,9,-0.002808887456697679,0.0,0.0,0.0,0.0,0.0
731,VRTX,2013,10,-0.004258681854014018,5577.0,8982.0,1.0,0.0,0.0
732,VRTX,2013,11,0.00010379923210538325,14139.0,19400.0,2.0,0.0,0.0
733,VRTX,2013,12,0.004612688341384041,0.0,0.0,0.0,0.0,0.0
734,VRTX,2014,1,0.006387903754014969,6810.0,10325.0,2.0,0.0,0.0
735,VRTX,2014,2,-0.0017056397547115308,17098.0,23683.0,4.0,0.0,0.0
736,VRTX,2014,3,-0.00610848214190292,0.0,0.0,0.0,0.0,0.0
737,VRTX,2014,4,-0.0022715518669097954,0.0,0.0,0.0,0.0,0.0
738,VRTX,2014,5,0.0021125587232624717,17989.0,25528.0,3.0,0.0,0.0
739,VRTX,2014,6,0.013172490522302505,2672.0,2760.0,2.0,0.0,0.0
740,VRTX,2014,7,-0.0021499595538566766,19906.0,28613.0,4.0,0.0,0.0
741,VRTX,2014,8,-0.0016544110626424472,0.0,0.0,0.0,0.0,0.0
742,VRTX,2014,9,0.006215314136159979,0.0,0.0,0.0,0.0,0.0
743,VRTX,2014,10,-0.004725167355170091,5261.0,8662.0,1.0,0.0,0.0
744,VRTX,2014,11,-0.002287901130397927,13748.0,19689.0,1.0,0.0,0.0
745,VRTX,2014,12,-0.0008179833419949041,406.0,591.0,1.0,0.0,0.0
746,VRTX,2015,1,-0.0038539086336547247,6222.0,9596.0,3.0,0.0,0.0
747,VRTX,2015,2,-0.0003079101267456911,15373.0,20914.0,3.0,0.0,0.0
748,VRTX,2015,3,-0.00014774233889890226,0.0,0.0,0.0,0.0,0.0
749,VRTX,2015,4,0.0009926806055613221,2918.0,4410.0,1.0,0.0,0.0
750,VRTX,2015,5,0.00096151459525154,13729.0,20106.0,1.0,0.0,0.0
751,VRTX,2015,6,-0.00044678372974280787,756.0,1392.0,3.0,0.0,0.0
752,VRTX,2015,7,0.0016612438682746219,4521.0,7404.0,2.0,0.0,0.0
753,VRTX,2015,8,0.0017897091651803288,13669.0,19634.0,1.0,0.0,0.0
754,VRTX,2015,9,-0.00833829130264543,0.0,0.0,0.0,0.0,0.0
755,VRTX,2015,10,0.00255944886175839,18152.0,26844.0,3.0,0.0,0.0
756,VRTX,2015,11,0.0017593950893836057,0.0,0.0,0.0,0.0,0.0
757,VRTX,2015,12,0.00033394524845737543,147.0,261.0,1.0,0.0,0.0
758,VRTX,2016,1,-0.011224259662163111,6445.0,9454.0,2.0,0.0,0.0
759,VRTX,2016,2,4.034868065714864e-06,15328.0,20504.0,2.0,0.0,0.0
760,VRTX,2016,3,-0.004414743121234559,0.0,0.0,0.0,0.0,0.0
761,VRTX,2016,4,0.006600549117186589,4061.0,5513.0,1.0,0.0,0.0
762,VRTX,2016,5,0.0072292931538109236,13637.0,19280.0,1.0,0.0,0.0
763,VRTX,2016,6,-0.0014946734366006666,349.0,595.0,1.0,0.0,0.0
764,VRTX,2016,7,0.00429769859817857,3928.0,6331.0,1.0,0.0,0.0
765,VRTX,2016,8,-0.0017450924786739303,13377.0,19218.0,1.0,0.0,0.0
766,VRTX,2016,9,-0.004023312489686318,0.0,0.0,0.0,0.0,0.0
767,VRTX,2016,10,-0.0035590642530313452,17842.0,26189.0,4.0,0.0,0.0
768,VRTX,2016,11,0.0012817324519677304,0.0,0.0,0.0,0.0,0.0
769,VRTX,2016,12,-0.003925395980234631,2910.0,3206.0,1.0,0.0,0.0
770,VRTX,2017,1,0.008724607374852556,5735.0,8829.0,3.0,0.0,0.0
771,VRTX,2017,2,0.001000287020344314,15970.0,21085.0,3.0,0.0,0.0
772,VRTX,2017,3,0.008216748567264448,2243.0,2431.0,2.0,0.0,0.0
773,VRTX,2017,4,0.0018480715944394178,16867.0,23766.0,2.0,0.0,0.0
774,VRTX,2017,5,-0.002406306145816411,223.0,332.0,1.0,0.0,0.0
775,VRTX,2017,6,-0.0018609524474038684,424.0,594.0,1.0,0.0,0.0
776,VRTX,2017,7,0.003017245925364168,17308.0,25538.0,2.0,0.0,0.0
777,VRTX,2017,8,-0.0014423772536164006,0.0,0.0,0.0,0.0,0.0
778,VRTX,2017,9,-0.006504491954399503,172.0,338.0,1.0,0.0,0.0
779,VRTX,2017,10,-0.004924504178437501,18190.0,26223.0,2.0,0.0,0.0
780,VRTX,2017,11,-0.003436897524898679,0.0,0.0,0.0,0.0,0.0
781,VRTX,2017,12,0.002700379797526447,0.0,0.0,0.0,0.0,0.0
782,VRTX,2018,1,0.002779044817139669,4783.0,7752.0,1.0,0.0,0.0
783,VRTX,2018,2,0.003709109758776312,15454.0,20774.0,2.0,0.0,0.0
784,VRTX,2018,3,0.0004686651605827785,0.0,0.0,0.0,0.0,0.0
785,VRTX,2018,4,-0.003587998845855624,17056.0,24175.0,2.0,0.0,0.0
786,VRTX,2018,5,-0.0015500111179242216,462.0,784.0,1.0,0.0,0.0
787,VRTX,2018,6,0.004853181400731185,0.0,0.0,0.0,0.0,0.0
788,VRTX,2018,7,-0.0012504386008610076,17565.0,25737.0,2.0,0.0,0.0
789,VRTX,2018,8,0.0007856501459705521,0.0,0.0,0.0,0.0,0.0
790,VRTX,2018,9,0.0015880995614345245,0.0,0.0,0.0,0.0,0.0
791,VRTX,2018,10,-0.003133193027832303,18614.0,26542.0,2.0,0.0,0.0
792,VRTX,2018,11,0.0010995533483981047,0.0,0.0,0.0,0.0,0.0
793,VRTX,2018,12,0.0017200488170739556,73.0,200.0,1.0,0.0,0.0
794,VRTX,2019,1,0.000551572356387667,80.0,208.0,1.0,0.0,0.0
795,VRTX,2019,2,-0.003546663509311816,21678.0,32195.0,3.0,0.0,0.0
796,VRTX,2019,3,-0.0026034460927070106,0.0,0.0,0.0,0.0,0.0
797,VRTX,2019,4,-0.006029475506363037,3605.0,6021.0,2.0,0.0,0.0
798,VRTX,2019,5,0.0043627880929960165,13426.0,18790.0,1.0,0.0,0.0
799,VRTX,2019,6,0.002513163739859021,822.0,1393.0,2.0,0.0,0.0
800,VRTX,2019,7,-0.0036606943100532152,9830.0,14194.0,2.0,0.0,0.0
801,VRTX,2019,8,0.004986712571020561,12476.0,18670.0,1.0,0.0,0.0
802,VRTX,2019,9,-0.0036078538092683974,2398.0,5194.0,2.0,0.0,0.0
803,VRTX,2019,10,0.005452418420050836,20345.0,34596.0,4.0,0.0,0.0
804,VRTX,2019,11,0.0009555602414468211,399.0,583.0,1.0,0.0,0.0
