date,sp500
1/4/2010,1867.060059
1/5/2010,1872.900024
1/6/2010,1874.72998
1/7/2010,1882.339966
1/8/2010,1887.77002
1/11/2010,1891.060059
1/12/2010,1873.319946
1/13/2010,1889.099976
1/14/2010,1893.719971
1/15/2010,1873.300049
1/19/2010,1896.719971
1/20/2010,1876.900024
1/21/2010,1841.390015
1/22/2010,1800.609985
1/25/2010,1808.930054
1/26/2010,1801.339966
1/27/2010,1810.209961
1/28/2010,1788.969971
1/29/2010,1771.400024
2/1/2010,1796.670044
2/2/2010,1819.98999
2/3/2010,1810.640015
2/4/2010,1754.300049
2/5/2010,1759.380005
2/8/2010,1744.369995
2/9/2010,1767.180054
2/10/2010,1763.689941
2/11/2010,1781.01001
2/12/2010,1776.5
2/16/2010,1808.719971
2/17/2010,1816.699951
2/18/2010,1828.810059
2/19/2010,1833.089966
2/22/2010,1831.209961
2/23/2010,1809.050049
2/24/2010,1826.98999
2/25/2010,1823.640015
2/26/2010,1826.27002
3/1/2010,1844.869995
3/2/2010,1849.170044
3/3/2010,1850.23999
3/4/2010,1857.199951
3/5/2010,1883.280029
3/8/2010,1883.290039
3/9/2010,1886.599976
3/10/2010,1895.380005
3/11/2010,1903.680054
3/12/2010,1903.290039
3/15/2010,1904.189941
3/16/2010,1919.02002
3/17/2010,1930.219971
3/18/2010,1929.630005
3/19/2010,1919.800049
3/22/2010,1929.640015
3/23/2010,1943.699951
3/24/2010,1933.040039
3/25/2010,1929.75
3/26/2010,1931.180054
3/29/2010,1942.51001
3/30/2010,1942.810059
3/31/2010,1936.47998
4/1/2010,1950.910034
4/5/2010,1966.439941
4/6/2010,1969.76001
4/7/2010,1959.040039
4/8/2010,1965.719971
4/9/2010,1978.859985
4/12/2010,1982.400024
4/13/2010,1983.910034
4/14/2010,2006.060059
4/15/2010,2007.73999
4/16/2010,1975.359985
4/19/2010,1984.319946
4/20/2010,2000.329956
4/21/2010,1998.310059
4/22/2010,2002.930054
4/23/2010,2017.189941
4/26/2010,2008.550049
4/27/2010,1961.599976
4/28/2010,1974.630005
4/29/2010,2000.339966
4/30/2010,1967.050049
5/3/2010,1992.869995
5/4/2010,1945.369995
5/5/2010,1933.25
5/6/2010,1870.949951
5/7/2010,1842.319946
5/10/2010,1923.390015
5/11/2010,1917.25
5/12/2010,1944.25
5/13/2010,1920.76001
5/14/2010,1884.670044
5/17/2010,1887.109985
5/18/2010,1860.650024
5/19/2010,1851.280029
5/20/2010,1779.300049
5/21/2010,1806.050049
5/24/2010,1782.77002
5/25/2010,1783.400024
5/26/2010,1773.650024
5/27/2010,1832.609985
5/28/2010,1809.97998
6/1/2010,1778.98999
6/2/2010,1825.25
6/3/2010,1832.719971
6/4/2010,1769.719971
6/7/2010,1745.869995
6/8/2010,1765.290039
6/9/2010,1754.910034
6/10/2010,1806.689941
6/11/2010,1815.26001
6/14/2010,1812.02002
6/15/2010,1854.609985
6/16/2010,1853.619995
6/17/2010,1856.25
6/18/2010,1858.699951
6/21/2010,1851.550049
6/22/2010,1822.050049
6/23/2010,1816.650024
6/24/2010,1786.130005
6/25/2010,1791.23999
6/28/2010,1787.939941
6/29/2010,1732.550049
6/30/2010,1715.22998
7/1/2010,1709.77002
7/2/2010,1701.859985
7/6/2010,1710.969971
7/7/2010,1765.420044
7/8/2010,1782.099976
7/9/2010,1794.939941
7/12/2010,1796.300049
7/13/2010,1824.069946
7/14/2010,1823.819946
7/15/2010,1826
7/16/2010,1773.430054
7/19/2010,1784.060059
7/20/2010,1804.47998
7/21/2010,1781.599976
7/22/2010,1821.76001
7/23/2010,1836.75
7/26/2010,1857.329956
7/27/2010,1855.390015
7/28/2010,1842.660034
7/29/2010,1835.290039
7/30/2010,1835.400024
8/2/2010,1875.849976
8/3/2010,1866.869995
8/4/2010,1878.810059
8/5/2010,1876.51001
8/6/2010,1869.77002
8/9/2010,1880.060059
8/10/2010,1868.880005
8/11/2010,1817.130005
8/12/2010,1807.609985
8/13/2010,1800.390015
8/16/2010,1800.699951
8/17/2010,1823.180054
8/18/2010,1826.140015
8/19/2010,1795.23999
8/20/2010,1788.670044
8/23/2010,1781.469971
8/24/2010,1755.650024
8/25/2010,1761.619995
8/26/2010,1748.140015
8/27/2010,1777.599976
8/30/2010,1751.790039
8/31/2010,1752.550049
9/1/2010,1804.459961
9/2/2010,1820.97998
9/3/2010,1845.099976
9/7/2010,1824.050049
9/8/2010,1836.209961
9/9/2010,1845.089966
9/10/2010,1854.099976
9/13/2010,1875.410034
9/14/2010,1874.069946
9/15/2010,1880.73999
9/16/2010,1880.369995
9/17/2010,1881.930054
9/20/2010,1910.599976
9/21/2010,1905.73999
9/22/2010,1896.77002
9/23/2010,1880.969971
9/24/2010,1920.839966
9/27/2010,1909.97998
9/28/2010,1919.589966
9/29/2010,1914.839966
9/30/2010,1908.949951
10/1/2010,1917.420044
10/4/2010,1902.150024
10/5/2010,1941.819946
10/6/2010,1941.5
10/7/2010,1938.310059
10/8/2010,1950.180054
10/11/2010,1950.469971
10/12/2010,1957.920044
10/13/2010,1972.079956
10/14/2010,1964.900024
10/15/2010,1968.869995
10/18/2010,1983.170044
10/19/2010,1951.670044
10/20/2010,1972.51001
10/21/2010,1976.119995
10/22/2010,1980.829956
10/25/2010,1985.109985
10/26/2010,1985.130005
10/27/2010,1980.050049
10/28/2010,1982.449951
10/29/2010,1981.589966
11/1/2010,1983.469971
11/2/2010,1998.859985
11/3/2010,2006.579956
11/4/2010,2045.619995
11/5/2010,2053.77002
11/8/2010,2049.689941
11/9/2010,2033.849976
11/10/2010,2043.160034
11/11/2010,2034.47998
11/12/2010,2010.569946
11/15/2010,2008.25
11/16/2010,1976.26001
11/17/2010,1977
11/18/2010,2007.380005
11/19/2010,2012.589966
11/22/2010,2009.52002
11/23/2010,1980.890015
11/24/2010,2010.560059
11/26/2010,1996.030029
11/29/2010,1993.829956
11/30/2010,1981.839966
12/1/2010,2024.969971
12/2/2010,2050.959961
12/3/2010,2056.399902
12/6/2010,2053.800049
12/7/2010,2054.889893
12/8/2010,2063.030029
12/9/2010,2071.120117
12/10/2010,2083.570068
12/13/2010,2084
12/14/2010,2085.929932
12/15/2010,2075.290039
12/16/2010,2088.189941
12/17/2010,2089.949951
12/20/2010,2095.320068
12/21/2010,2108.26001
12/22/2010,2115.689941
12/23/2010,2112.370117
12/27/2010,2113.669922
12/28/2010,2115.320068
12/29/2010,2117.830078
12/30/2010,2114.699951
12/31/2010,2114.290039
1/3/2011,2138.300049
1/4/2011,2135.530029
1/5/2011,2146.5
1/6/2011,2142.76001
1/7/2011,2138.810059
1/10/2011,2135.860107
1/11/2011,2143.820068
1/12/2011,2163.360107
1/13/2011,2159.659912
1/14/2011,2175.679932
1/18/2011,2178.719971
1/19/2011,2156.969971
1/20/2011,2154.179932
1/21/2011,2159.429932
1/24/2011,2172.030029
1/25/2011,2172.669922
1/26/2011,2181.919922
1/27/2011,2186.929932
1/28/2011,2147.949951
1/31/2011,2164.399902
2/1/2011,2200.540039
2/2/2011,2194.939941
2/3/2011,2200.419922
2/4/2011,2206.800049
2/7/2011,2220.600098
2/8/2011,2230.590088
2/9/2011,2224.639893
2/10/2011,2226.51001
2/11/2011,2239.080078
2/14/2011,2244.889893
2/15/2011,2237.899902
2/16/2011,2252.300049
2/17/2011,2259.419922
2/18/2011,2263.790039
2/22/2011,2217.350098
2/23/2011,2203.889893
2/24/2011,2202.22998
2/25/2011,2226.050049
2/28/2011,2238.550049
3/1/2011,2203.320068
3/2/2011,2207.23999
3/3/2011,2245.330078
3/4/2011,2228.780029
3/7/2011,2210.26001
3/8/2011,2230.399902
3/9/2011,2227.699951
3/10/2011,2185.649902
3/11/2011,2201.810059
3/14/2011,2188.560059
3/15/2011,2164.060059
3/16/2011,2121.939941
3/17/2011,2150.429932
3/18/2011,2159.689941
3/21/2011,2192.090088
3/22/2011,2184.570068
3/23/2011,2190.959961
3/24/2011,2211.419922
3/25/2011,2218.419922
3/28/2011,2212.320068
3/29/2011,2228.409912
3/30/2011,2243.550049
3/31/2011,2239.439941
4/1/2011,2250.580078
4/4/2011,2251.639893
4/5/2011,2251.26001
4/6/2011,2257.110107
4/7/2011,2253.76001
4/8/2011,2244.73999
4/11/2011,2238.51001
4/12/2011,2221.120117
4/13/2011,2221.77002
4/14/2011,2221.98999
4/15/2011,2230.699951
4/18/2011,2206.149902
4/19/2011,2218.860107
4/20/2011,2248.899902
4/21/2011,2260.840088
4/25/2011,2257.23999
4/26/2011,2277.51001
4/27/2011,2292.129883
4/28/2011,2300.459961
4/29/2011,2305.76001
5/2/2011,2301.719971
5/3/2011,2293.949951
5/4/2011,2278.629883
5/5/2011,2258.080078
5/6/2011,2266.969971
5/9/2011,2277.300049
5/10/2011,2295.719971
5/11/2011,2271.469971
5/12/2011,2282.840088
5/13/2011,2264.52002
5/16/2011,2250.610107
5/17/2011,2250.350098
5/18/2011,2270.570068
5/19/2011,2275.709961
5/20/2011,2258.209961
5/23/2011,2231.310059
5/24/2011,2229.48999
5/25/2011,2236.75
5/26/2011,2246.129883
5/27/2011,2255.73999
5/31/2011,2279.659912
6/1/2011,2227.959961
6/2/2011,2225.360107
6/3/2011,2203.810059
6/6/2011,2180.139893
6/7/2011,2178.149902
6/8/2011,2169.5
6/9/2011,2185.52002
6/10/2011,2155
6/13/2011,2157.149902
6/14/2011,2184.47998
6/15/2011,2146.449951
6/16/2011,2150.580078
6/17/2011,2157.139893
6/20/2011,2168.800049
6/21/2011,2198.149902
6/22/2011,2184.030029
6/23/2011,2177.850098
6/24/2011,2152.310059
6/27/2011,2172.080078
6/28/2011,2200.679932
6/29/2011,2219.199951
6/30/2011,2241.659912
7/1/2011,2274.26001
7/5/2011,2271.290039
7/6/2011,2274.419922
7/7/2011,2298.310059
7/8/2011,2282.320068
7/11/2011,2241.070068
7/12/2011,2231.149902
7/13/2011,2238.290039
7/14/2011,2223.290039
7/15/2011,2235.649902
7/18/2011,2217.550049
7/19/2011,2253.709961
7/20/2011,2252.52002
7/21/2011,2283.22998
7/22/2011,2285.340088
7/25/2011,2272.469971
7/26/2011,2263.149902
7/27/2011,2217.290039
7/28/2011,2210.330078
7/29/2011,2196.080078
8/1/2011,2187
8/2/2011,2131.100098
8/3/2011,2142.560059
8/4/2011,2040.199951
8/5/2011,2039.040039
8/8/2011,1903.469971
8/9/2011,1993.76001
8/10/2011,1906.530029
8/11/2011,1995.140015
8/12/2011,2005.670044
8/15/2011,2049.51001
8/16/2011,2029.920044
8/17/2011,2032.410034
8/18/2011,1941.920044
8/19/2011,1912.77002
8/22/2011,1913.27002
8/23/2011,1978.890015
8/24/2011,2005.130005
8/25/2011,1973.959961
8/26/2011,2004.109985
8/29/2011,2061.050049
8/30/2011,2066.370117
8/31/2011,2076.780029
9/1/2011,2052.300049
9/2/2011,2000.5
9/6/2011,1985.670044
9/7/2011,2043.050049
9/8/2011,2021.420044
9/9/2011,1967.469971
9/12/2011,1981.300049
9/13/2011,2000.079956
9/14/2011,2027.040039
9/15/2011,2062.25
9/16/2011,2074.060059
9/19/2011,2053.73999
9/20/2011,2050.389893
9/21/2011,1990.199951
9/22/2011,1926.76001
9/23/2011,1938.72998
9/26/2011,1983.969971
9/27/2011,2005.189941
9/28/2011,1964.199951
9/29/2011,1980.22998
9/30/2011,1930.790039
10/3/2011,1875.949951
10/4/2011,1918.390015
10/5/2011,1953.670044
10/6/2011,1989.609985
10/7/2011,1973.420044
10/10/2011,2040.76001
10/11/2011,2041.900024
10/12/2011,2062.219971
10/13/2011,2056.26001
10/14/2011,2091.98999
10/17/2011,2051.540039
10/18/2011,2093.429932
10/19/2011,2067.280029
10/20/2011,2076.75
10/21/2011,2115.860107
10/24/2011,2143.129883
10/25/2011,2100.169922
10/26/2011,2122.320068
10/27/2011,2195.219971
10/28/2011,2196.129883
10/31/2011,2141.810059
11/1/2011,2081.969971
11/2/2011,2115.699951
11/3/2011,2155.870117
11/4/2011,2142.340088
11/7/2011,2156
11/8/2011,2182.610107
11/9/2011,2102.719971
11/10/2011,2121.139893
11/11/2011,2162.47998
11/14/2011,2142.090088
11/15/2011,2152.800049
11/16/2011,2117.639893
11/17/2011,2082.100098
11/18/2011,2081.419922
11/21/2011,2042.709961
11/22/2011,2034.410034
11/23/2011,1989.540039
11/25/2011,1984.5
11/28/2011,2042.800049
11/29/2011,2048.060059
11/30/2011,2137.080078
12/1/2011,2133.070068
12/2/2011,2132.639893
12/5/2011,2154.679932
12/6/2011,2157.100098
12/7/2011,2162.070068
12/8/2011,2116.409912
12/9/2011,2152.149902
12/12/2011,2120.149902
12/13/2011,2102.149902
12/14/2011,2078.51001
12/15/2011,2085.439941
12/16/2011,2092.179932
12/19/2011,2067.669922
12/20/2011,2129.669922
12/21/2011,2133.860107
12/22/2011,2152.040039
12/23/2011,2171.5
12/27/2011,2171.709961
12/28/2011,2145.090088
12/29/2011,2168.120117
12/30/2011,2158.939941
1/3/2012,2192.399902
1/4/2012,2193.280029
1/5/2012,2199.72998
1/6/2012,2194.97998
1/9/2012,2200
1/10/2012,2219.580078
1/11/2012,2220.47998
1/12/2012,2225.73999
1/13/2012,2214.72998
1/17/2012,2222.590088
1/18/2012,2247.639893
1/19/2012,2258.800049
1/20/2012,2260.370117
1/23/2012,2261.469971
1/24/2012,2259.219971
1/25/2012,2278.830078
1/26/2012,2265.840088
1/27/2012,2262.350098
1/30/2012,2256.719971
1/31/2012,2255.689941
2/1/2012,2276.23999
2/2/2012,2278.919922
2/3/2012,2312.48999
2/6/2012,2311.550049
2/7/2012,2316.27002
2/8/2012,2322.110107
2/9/2012,2325.560059
2/10/2012,2309.600098
2/13/2012,2325.810059
2/14/2012,2324
2/15/2012,2312.280029
2/16/2012,2338.120117
2/17/2012,2343.669922
2/21/2012,2345.409912
2/22/2012,2337.669922
2/23/2012,2348.110107
2/24/2012,2352.340088
2/27/2012,2355.73999
2/28/2012,2364.030029
2/29/2012,2353.22998
3/1/2012,2367.870117
3/2/2012,2360.280029
3/5/2012,2351.280029
3/6/2012,2315.209961
3/7/2012,2331.889893
3/8/2012,2355.01001
3/9/2012,2363.560059
3/12/2012,2364.100098
3/13/2012,2407.790039
3/14/2012,2404.97998
3/15/2012,2419.370117
3/16/2012,2422.090088
3/19/2012,2431.72998
3/20/2012,2424.459961
3/21/2012,2420.02002
3/22/2012,2402.709961
3/23/2012,2410.159912
3/26/2012,2443.639893
3/27/2012,2437.01001
3/28/2012,2425.550049
3/29/2012,2421.699951
3/30/2012,2430.669922
4/2/2012,2449.080078
4/3/2012,2439.889893
4/4/2012,2415.050049
4/5/2012,2414.399902
4/9/2012,2387.030029
4/10/2012,2346.27002
4/11/2012,2364.090088
4/12/2012,2396.689941
4/13/2012,2366.840088
4/16/2012,2365.649902
4/17/2012,2402.290039
4/18/2012,2392.570068
4/19/2012,2378.47998
4/20/2012,2381.320068
4/23/2012,2361.350098
4/24/2012,2370.040039
4/25/2012,2402.709961
4/26/2012,2418.889893
4/27/2012,2424.780029
4/30/2012,2415.419922
5/1/2012,2429.100098
5/2/2012,2423.290039
5/3/2012,2405.169922
5/4/2012,2366.389893
5/7/2012,2367.26001
5/8/2012,2357.449951
5/9/2012,2342.310059
5/10/2012,2348.929932
5/11/2012,2341.22998
5/14/2012,2315.449951
5/15/2012,2302.560059
5/16/2012,2293.209961
5/17/2012,2258.929932
5/18/2012,2242.25
5/21/2012,2278.23999
5/22/2012,2279.399902
5/23/2012,2283.360107
5/24/2012,2286.870117
5/25/2012,2281.919922
5/29/2012,2307.570068
5/30/2012,2275.189941
5/31/2012,2270.25
6/1/2012,2214.409912
6/4/2012,2214.699951
6/5/2012,2227.449951
6/6/2012,2279.419922
6/7/2012,2279.280029
6/8/2012,2297.820068
6/11/2012,2268.939941
6/12/2012,2295.399902
6/13/2012,2280.129883
6/14/2012,2304.830078
6/15/2012,2328.659912
6/18/2012,2332.070068
6/19/2012,2355.01001
6/20/2012,2351.139893
6/21/2012,2299.159912
6/22/2012,2315.649902
6/25/2012,2278.97998
6/26/2012,2289.860107
6/27/2012,2310.97998
6/28/2012,2306.219971
6/29/2012,2363.790039
7/2/2012,2369.75
7/3/2012,2385.060059
7/5/2012,2373.909912
7/6/2012,2352.340088
7/9/2012,2348.52002
7/10/2012,2329.459961
7/11/2012,2329.709961
7/12/2012,2318.090088
7/13/2012,2356.399902
7/16/2012,2350.939941
7/17/2012,2368.360107
7/18/2012,2384.540039
7/19/2012,2391.27002
7/20/2012,2367.26001
7/23/2012,2346.219971
7/24/2012,2325.02002
7/25/2012,2324.330078
7/26/2012,2362.850098
7/27/2012,2408.070068
7/30/2012,2406.98999
7/31/2012,2396.620117
8/1/2012,2389.72998
8/2/2012,2372.310059
8/3/2012,2417.77002
8/6/2012,2423.459961
8/7/2012,2435.879883
8/8/2012,2438.159912
8/9/2012,2440.22998
8/10/2012,2445.639893
8/13/2012,2443.050049
8/14/2012,2443.159912
8/15/2012,2446.820068
8/16/2012,2464.379883
8/17/2012,2469
8/20/2012,2468.98999
8/21/2012,2460.409912
8/22/2012,2461.120117
8/23/2012,2441.290039
8/24/2012,2457.399902
8/27/2012,2456.219971
8/28/2012,2454.389893
8/29/2012,2457.050049
8/30/2012,2438.199951
8/31/2012,2450.600098
9/4/2012,2447.800049
9/5/2012,2445.810059
9/6/2012,2496.120117
9/7/2012,2506.370117
9/10/2012,2491.110107
9/11/2012,2498.949951
9/12/2012,2504.840088
9/13/2012,2546.030029
9/14/2012,2556.129883
9/17/2012,2548.26001
9/18/2012,2545.050049
9/19/2012,2548.110107
9/20/2012,2547.110107
9/21/2012,2546.919922
9/24/2012,2541.22998
9/25/2012,2514.830078
9/26/2012,2500.919922
9/27/2012,2525.22998
9/28/2012,2513.929932
10/1/2012,2520.709961
10/2/2012,2523.080078
10/3/2012,2532.790039
10/4/2012,2550.97998
10/5/2012,2551.030029
10/8/2012,2542.209961
10/9/2012,2517.139893
10/10/2012,2501.75
10/11/2012,2502.659912
10/12/2012,2495.280029
10/15/2012,2515.439941
10/16/2012,2541.280029
10/17/2012,2552.050049
10/18/2012,2545.949951
10/19/2012,2503.800049
10/22/2012,2504.959961
10/23/2012,2468.780029
10/24/2012,2461.179932
10/25/2012,2468.600098
10/26/2012,2466.800049
10/31/2012,2467.51001
11/1/2012,2494.669922
11/2/2012,2471.300049
11/5/2012,2476.939941
11/6/2012,2496.459961
11/7/2012,2439.47998
11/8/2012,2409.719971
11/9/2012,2413.919922
11/12/2012,2414.23999
11/13/2012,2405.379883
11/14/2012,2372.939941
11/15/2012,2369.320068
11/16/2012,2381.02002
11/19/2012,2428.469971
11/20/2012,2430.290039
11/21/2012,2435.969971
11/23/2012,2468.060059
11/26/2012,2463.120117
11/27/2012,2450.47998
11/28/2012,2470.469971
11/29/2012,2481.419922
11/30/2012,2481.820068
12/3/2012,2470.070068
12/4/2012,2465.899902
12/5/2012,2470.590088
12/6/2012,2479.399902
12/7/2012,2486.840088
12/10/2012,2487.780029
12/11/2012,2504.080078
12/12/2012,2505.76001
12/13/2012,2490.560059
12/14/2012,2480.360107
12/17/2012,2509.840088
12/18/2012,2538.719971
12/19/2012,2519.540039
12/20/2012,2533.909912
12/21/2012,2510.320068
12/24/2012,2504.51001
12/26/2012,2492.540039
12/27/2012,2489.969971
12/28/2012,2462.709961
12/31/2012,2504.439941
1/2/2013,2568.550049
1/3/2013,2563.189941
1/4/2013,2575.659912
1/7/2013,2567.629883
1/8/2013,2560.169922
1/9/2013,2567.02002
1/10/2013,2586.52002
1/11/2013,2586.689941
1/14/2013,2584.27002
1/15/2013,2587.199951
1/16/2013,2588.02002
1/17/2013,2602.639893
1/18/2013,2611.540039
1/22/2013,2623.219971
1/23/2013,2627.22998
1/24/2013,2627.330078
1/25/2013,2641.639893
1/28/2013,2636.830078
1/29/2013,2650.429932
1/30/2013,2640.77002
1/31/2013,2634.159912
2/1/2013,2660.699951
2/4/2013,2630.050049
2/5/2013,2657.76001
2/6/2013,2659.550049
2/7/2013,2655.840088
2/8/2013,2670.850098
2/11/2013,2669.370117
2/12/2013,2673.77002
2/13/2013,2676.600098
2/14/2013,2678.77002
2/15/2013,2676.209961
2/19/2013,2696.26001
2/20/2013,2662.939941
2/21/2013,2646.75
2/22/2013,2670.360107
2/25/2013,2621.459961
2/26/2013,2637.889893
2/27/2013,2672.110107
2/28/2013,2669.919922
3/1/2013,2676.179932
3/4/2013,2688.540039
3/5/2013,2714.350098
3/6/2013,2718.070068
3/7/2013,2723.27002
3/8/2013,2735.669922
3/11/2013,2744.810059
3/12/2013,2738.350098
3/13/2013,2742.870117
3/14/2013,2758.300049
3/15/2013,2753.820068
3/18/2013,2738.679932
3/19/2013,2732.090088
3/20/2013,2750.419922
3/21/2013,2727.689941
3/22/2013,2747.25
3/25/2013,2738.080078
3/26/2013,2760.320068
3/27/2013,2758.850098
3/28/2013,2770.050049
4/1/2013,2757.830078
4/2/2013,2772.110107
4/3/2013,2743.379883
4/4/2013,2754.669922
4/5/2013,2742.860107
4/8/2013,2761.050049
4/9/2013,2770.840088
4/10/2013,2804.810059
4/11/2013,2815.02002
4/12/2013,2807.100098
4/15/2013,2742.629883
4/16/2013,2781.860107
4/17/2013,2742.01001
4/18/2013,2723.719971
4/19/2013,2747.939941
4/22/2013,2760.800049
4/23/2013,2789.560059
4/24/2013,2789.929932
4/25/2013,2801.280029
4/26/2013,2796.23999
4/29/2013,2816.389893
4/30/2013,2823.419922
5/1/2013,2797.280029
5/2/2013,2823.820068
5/3/2013,2853.879883
5/6/2013,2859.340088
5/7/2013,2874.459961
5/8/2013,2887.610107
5/9/2013,2878.300049
5/10/2013,2890.77002
5/13/2013,2891.169922
5/14/2013,2921.120117
5/15/2013,2936.97998
5/16/2013,2922.399902
5/17/2013,2952.560059
5/20/2013,2950.530029
5/21/2013,2955.689941
5/22/2013,2931.580078
5/23/2013,2923.429932
5/24/2013,2921.879883
5/28/2013,2940.449951
5/29/2013,2920.179932
5/30/2013,2931.389893
5/31/2013,2889.459961
6/3/2013,2906.909912
6/4/2013,2891.02002
6/5/2013,2851.889893
6/6/2013,2876.5
6/7/2013,2913.459961
6/10/2013,2912.629883
6/11/2013,2883.070068
6/12/2013,2859.620117
6/13/2013,2902.320068
6/14/2013,2885.23999
6/17/2013,2907.120117
6/18/2013,2929.810059
6/19/2013,2889.25
6/20/2013,2817.439941
6/21/2013,2824.969971
6/24/2013,2790.659912
6/25/2013,2817.439941
6/26/2013,2845.040039
6/27/2013,2862.919922
6/28/2013,2850.659912
7/1/2013,2866.409912
7/2/2013,2865.47998
7/3/2013,2867.850098
7/5/2013,2897.120117
7/8/2013,2913.199951
7/9/2013,2934.310059
7/10/2013,2934.969971
7/11/2013,2975.060059
7/12/2013,2984.23999
7/15/2013,2988.350098
7/16/2013,2977.26001
7/17/2013,2985.850098
7/18/2013,3001.209961
7/19/2013,3006.129883
7/22/2013,3012.300049
7/23/2013,3006.719971
7/24/2013,2995.300049
7/25/2013,3003.01001
7/26/2013,3005.51001
7/29/2013,2994.449951
7/30/2013,2995.679932
7/31/2013,2995.719971
8/1/2013,3033.590088
8/2/2013,3038.629883
8/5/2013,3034.429932
8/6/2013,3017.159912
8/7/2013,3006.629883
8/8/2013,3019
8/9/2013,3008.790039
8/12/2013,3005.419922
8/13/2013,3014.429932
8/14/2013,2999.419922
8/15/2013,2957.080078
8/16/2013,2947.459961
8/19/2013,2930.27002
8/20/2013,2941.580078
8/21/2013,2924.72998
8/22/2013,2949.959961
8/23/2013,2962.060059
8/26/2013,2950.129883
8/27/2013,2903.290039
8/28/2013,2911.830078
8/29/2013,2917.959961
8/30/2013,2908.959961
9/3/2013,2921.22998
9/4/2013,2945.620117
9/5/2013,2949.27002
9/6/2013,2949.800049
9/9/2013,2979.449951
9/10/2013,3001.360107
9/11/2013,3010.939941
9/12/2013,3001.620117
9/13/2013,3009.790039
9/16/2013,3026.939941
9/17/2013,3039.75
9/18/2013,3076.810059
9/19/2013,3071.610107
9/20/2013,3049.469971
9/23/2013,3035.090088
9/24/2013,3027.52002
9/25/2013,3019.310059
9/26/2013,3030.409912
9/27/2013,3018.23999
9/30/2013,3000.179932
10/1/2013,3024.379883
10/2/2013,3022.949951
10/3/2013,2995.810059
10/4/2013,3017.050049
10/7/2013,2991.389893
10/8/2013,2955.409912
10/9/2013,2957.399902
10/10/2013,3022.429932
10/11/2013,3041.429932
10/14/2013,3053.840088
10/15/2013,3032.27002
10/16/2013,3074.540039
10/17/2013,3095.419922
10/18/2013,3115.77002
10/21/2013,3116.090088
10/22/2013,3133.97998
10/23/2013,3119.199951
10/24/2013,3129.409912
10/25/2013,3143.159912
10/28/2013,3147.360107
10/29/2013,3165.110107
10/30/2013,3149.929932
10/31/2013,3138.090088
11/1/2013,3147.209961
11/4/2013,3158.469971
11/5/2013,3149.959961
11/6/2013,3165.129883
11/7/2013,3124.120117
11/8/2013,3166.110107
11/11/2013,3168.409912
11/12/2013,3161.100098
11/13/2013,3187.639893
11/14/2013,3203.649902
11/15/2013,3217.199951
11/18/2013,3205.459961
11/19/2013,3199.52002
11/20/2013,3188.040039
11/21/2013,3214.159912
11/22/2013,3230.540039
11/25/2013,3226.530029
11/26/2013,3227.360107
11/27/2013,3236.139893
11/29/2013,3233.719971
12/2/2013,3225.060059
12/3/2013,3214.949951
12/4/2013,3211.590088
12/5/2013,3197.76001
12/6/2013,3233.98999
12/9/2013,3239.98999
12/10/2013,3229.719971
12/11/2013,3193.52002
12/12/2013,3182.330078
12/13/2013,3182.070068
12/16/2013,3202.219971
12/17/2013,3192.330078
12/18/2013,3245.590088
12/19/2013,3244.149902
12/20/2013,3259.790039
12/23/2013,3277.620117
12/24/2013,3287.550049
12/26/2013,3303.149902
12/27/2013,3302.659912
12/30/2013,3302.300049
12/31/2013,3315.590088
1/2/2014,3286.689941
1/3/2014,3285.679932
1/6/2014,3277.47998
1/7/2014,3297.449951
1/8/2014,3297.73999
1/9/2014,3298.870117
1/10/2014,3306.48999
1/13/2014,3265.27002
1/14/2014,3300.610107
1/15/2014,3317.75
1/16/2014,3313.360107
1/17/2014,3300.51001
1/21/2014,3309.73999
1/22/2014,3312.040039
1/23/2014,3282.639893
1/24/2014,3214.139893
1/27/2014,3198.570068
1/28/2014,3218.209961
1/29/2014,3185.699951
1/30/2014,3221.780029
1/31/2014,3200.949951
2/3/2014,3127.870117
2/4/2014,3151.939941
2/5/2014,3146.48999
2/6/2014,3187.25
2/7/2014,3229.649902
2/10/2014,3234.790039
2/11/2014,3270.73999
2/12/2014,3271.469971
2/13/2014,3290.820068
2/14/2014,3306.919922
2/18/2014,3311.27002
2/19/2014,3289.830078
2/20/2014,3310.27002
2/21/2014,3304.360107
2/24/2014,3324.840088
2/25/2014,3320.429932
2/26/2014,3321.149902
2/27/2014,3338.050049
2/28/2014,3347.379883
3/3/2014,3322.850098
3/4/2014,3373.639893
3/5/2014,3374.100098
3/6/2014,3380.48999
3/7/2014,3382.570068
3/10/2014,3381.219971
3/11/2014,3364.169922
3/12/2014,3366.070068
3/13/2014,3327.110107
3/14/2014,3317.810059
3/17/2014,3349.709961
3/18/2014,3373.97998
3/19/2014,3353.290039
3/20/2014,3373.600098
3/21/2014,3363.719971
3/24/2014,3347.360107
3/25/2014,3362.439941
3/26/2014,3339
3/27/2014,3333.22998
3/28/2014,3348.830078
3/31/2014,3375.51001
4/1/2014,3399.51001
4/2/2014,3409.800049
4/3/2014,3406
4/4/2014,3363.409912
4/7/2014,3327.27002
4/8/2014,3340.840088
4/9/2014,3377.610107
4/10/2014,3307.080078
4/11/2014,3276.040039
4/14/2014,3302.97998
4/15/2014,3325.300049
4/16/2014,3360.27002
4/17/2014,3365
4/21/2014,3377.75
4/22/2014,3391.580078
4/23/2014,3384.5
4/24/2014,3390.389893
4/25/2014,3362.949951
4/28/2014,3374.040039
4/29/2014,3390.159912
4/30/2014,3400.459961
5/1/2014,3400.199951
5/2/2014,3395.610107
5/5/2014,3402.22998
5/6/2014,3371.719971
5/7/2014,3392.100098
5/8/2014,3388.290039
5/9/2014,3394.050049
5/12/2014,3427.01001
5/13/2014,3429.300049
5/14/2014,3413.840088
5/15/2014,3382.52002
5/16/2014,3395.209961
5/19/2014,3408.52002
5/20/2014,3386.47998
5/21/2014,3414.449951
5/22/2014,3422.98999
5/23/2014,3437.580078
5/27/2014,3458.189941
5/28/2014,3454.879883
5/29/2014,3473.860107
5/30/2014,3480.290039
6/2/2014,3483.139893
6/3/2014,3482
6/4/2014,3489.209961
6/5/2014,3512.209961
6/6/2014,3528.97998
6/9/2014,3532.469971
6/10/2014,3531.620117
6/11/2014,3519.52002
6/12/2014,3495.570068
6/13/2014,3506.580078
6/16/2014,3509.540039
6/17/2014,3517.22998
6/18/2014,3544.419922
6/19/2014,3549.439941
6/20/2014,3555.600098
6/23/2014,3555.139893
6/24/2014,3532.570068
6/25/2014,3549.959961
6/26/2014,3546.379883
6/27/2014,3553.350098
6/30/2014,3552.179932
7/1/2014,3576.550049
7/2/2014,3579.110107
7/3/2014,3598.72998
7/7/2014,3584.75
7/8/2014,3560.530029
7/9/2014,3577.280029
7/10/2014,3562.48999
7/11/2014,3568.080078
7/14/2014,3585.370117
7/15/2014,3578.459961
7/16/2014,3593.909912
7/17/2014,3551.72998
7/18/2014,3588.209961
7/21/2014,3579.98999
7/22/2014,3597.949951
7/23/2014,3604.300049
7/24/2014,3606.100098
7/25/2014,3588.679932
7/28/2014,3589.72998
7/29/2014,3573.649902
7/30/2014,3574.449951
7/31/2014,3503.189941
8/1/2014,3493.179932
8/4/2014,3518.310059
8/5/2014,3484.560059
8/6/2014,3485.669922
8/7/2014,3467.139893
8/8/2014,3507.209961
8/11/2014,3517.530029
8/12/2014,3511.959961
8/13/2014,3536.419922
8/14/2014,3551.969971
8/15/2014,3552.169922
8/18/2014,3582.699951
8/19/2014,3601.330078
8/20/2014,3610.48999
8/21/2014,3621.22998
8/22/2014,3614.5
8/25/2014,3631.860107
8/26/2014,3635.709961
8/27/2014,3636.639893
8/28/2014,3630.97998
8/29/2014,3643.330078
9/2/2014,3641.52002
9/3/2014,3639.350098
9/4/2014,3633.870117
9/5/2014,3652.26001
9/8/2014,3641.659912
9/9/2014,3617.889893
9/10/2014,3631.449951
9/11/2014,3635.659912
9/12/2014,3614.060059
9/15/2014,3611.52002
9/16/2014,3638.600098
9/17/2014,3643.399902
9/18/2014,3661.72998
9/19/2014,3660.030029
9/22/2014,3630.699951
9/23/2014,3610.100098
9/24/2014,3638.439941
9/25/2014,3579.610107
9/26/2014,3610.97998
9/29/2014,3602.090088
9/30/2014,3592.25
10/1/2014,3544.97998
10/2/2014,3545.300049
10/3/2014,3584.939941
10/6/2014,3579.419922
10/7/2014,3525.290039
10/8/2014,3588.070068
10/9/2014,3514.120117
10/10/2014,3474.22998
10/13/2014,3417.01001
10/14/2014,3422.429932
10/15/2014,3395.030029
10/16/2014,3395.639893
10/17/2014,3439.389893
10/20/2014,3470.889893
10/21/2014,3538.899902
10/22/2014,3513.469971
10/23/2014,3556.699951
10/24/2014,3581.820068
10/27/2014,3576.469971
10/28/2014,3619.159912
10/29/2014,3614.530029
10/30/2014,3637.300049
10/31/2014,3679.98999
11/3/2014,3679.580078
11/4/2014,3669.179932
11/5/2014,3691.379883
11/6/2014,3706.449951
11/7/2014,3708.459961
11/10/2014,3720.25
11/11/2014,3722.840088
11/12/2014,3721.300049
11/13/2014,3723.580078
11/14/2014,3724.919922
11/17/2014,3727.860107
11/18/2014,3747.73999
11/19/2014,3742.350098
11/20/2014,3749.870117
11/21/2014,3770.030029
11/24/2014,3780.879883
11/25/2014,3776.939941
11/26/2014,3788.419922
11/28/2014,3778.959961
12/1/2014,3753.310059
12/2/2014,3777.469971
12/3/2014,3792.679932
12/4/2014,3788.340088
12/5/2014,3794.679932
12/8/2014,3767.699951
12/9/2014,3758.870117
12/10/2014,3705.51001
12/11/2014,3723.320068
12/12/2014,3663.100098
12/15/2014,3639.969971
12/16/2014,3609.060059
12/17/2014,3682.699951
12/18/2014,3771.719971
12/19/2014,3788.969971
12/22/2014,3803.939941
12/23/2014,3810.780029
12/24/2014,3810.389893
12/26/2014,3823
12/29/2014,3826.949951
12/30/2014,3808.689941
12/31/2014,3769.439941
1/2/2015,3768.679932
1/5/2015,3700.030029
1/6/2015,3667.139893
1/7/2015,3710.939941
1/8/2015,3777.399902
1/9/2015,3745.669922
1/12/2015,3715.360107
1/13/2015,3706.149902
1/14/2015,3684.719971
1/15/2015,3650.73999
1/16/2015,3699.790039
1/20/2015,3705.639893
1/21/2015,3723.620117
1/22/2015,3780.51001
1/23/2015,3759.76001
1/26/2015,3769.449951
1/27/2015,3718.98999
1/28/2015,3669.100098
1/29/2015,3704.350098
1/30/2015,3656.280029
2/2/2015,3703.77002
2/3/2015,3757.340088
2/4/2015,3742.840088
2/5/2015,3782.110107
2/6/2015,3770.199951
2/9/2015,3754.360107
2/10/2015,3794.620117
2/11/2015,3795.820068
2/12/2015,3833.350098
2/13/2015,3849.290039
2/17/2015,3856.040039
2/18/2015,3855
2/19/2015,3851.530029
2/20/2015,3875.600098
2/23/2015,3874.459961
2/24/2015,3885.27002
2/25/2015,3882.949951
2/26/2015,3877.850098
2/27/2015,3866.419922
3/2/2015,3890.320068
3/3/2015,3872.709961
3/4/2015,3856.51001
3/5/2015,3861.290039
3/6/2015,3807.040039
3/9/2015,3822.419922
3/10/2015,3757.830078
3/11/2015,3751.199951
3/12/2015,3799.429932
3/13/2015,3776.439941
3/16/2015,3827.620117
3/17/2015,3814.909912
3/18/2015,3861.389893
3/19/2015,3842.620117
3/20/2015,3877.26001
3/23/2015,3870.48999
3/24/2015,3847.050049
3/25/2015,3791.129883
3/26/2015,3782.209961
3/27/2015,3791.899902
3/30/2015,3838.649902
3/31/2015,3805.27002
4/1/2015,3790.659912
4/2/2015,3804.139893
4/6/2015,3829.310059
4/7/2015,3821.48999
4/8/2015,3833.199951
4/9/2015,3850.290039
4/10/2015,3870.310059
4/13/2015,3852.929932
4/14/2015,3859.219971
4/15/2015,3879.100098
4/16/2015,3876.169922
4/17/2015,3832.330078
4/20/2015,3867.820068
4/21/2015,3862.149902
4/22/2015,3881.929932
4/23/2015,3891.459961
4/24/2015,3900.23999
4/27/2015,3884.100098
4/28/2015,3895.209961
4/29/2015,3880.899902
4/30/2015,3841.780029
5/1/2015,3883.75
5/4/2015,3895.159912
5/5/2015,3849.409912
5/6/2015,3833.699951
5/7/2015,3849.129883
5/8/2015,3901.01001
5/11/2015,3881.929932
5/12/2015,3870.689941
5/13/2015,3870.360107
5/14/2015,3912.52002
5/15/2015,3915.98999
5/18/2015,3928.149902
5/19/2015,3926.409912
5/20/2015,3923.179932
5/21/2015,3932.899902
5/22/2015,3924.159912
5/26/2015,3883.879883
5/27/2015,3920.110107
5/28/2015,3915.820068
5/29/2015,3891.179932
6/1/2015,3899.590088
6/2/2015,3895.850098
6/3/2015,3904.830078
6/4/2015,3871.22998
6/5/2015,3865.830078
6/8/2015,3841.449951
6/9/2015,3843.159912
6/10/2015,3889.699951
6/11/2015,3897.590088
6/12/2015,3870.560059
6/15/2015,3852.75
6/16/2015,3874.72998
6/17/2015,3882.48999
6/18/2015,3921.429932
6/19/2015,3900.639893
6/22/2015,3924.409912
6/23/2015,3927.22998
6/24/2015,3898.469971
6/25/2015,3887.040039
6/26/2015,3886.209961
6/29/2015,3805.5
6/30/2015,3815.850098
7/1/2015,3843.26001
7/2/2015,3842.060059
7/6/2015,3827.350098
7/7/2015,3850.659912
7/8/2015,3787.669922
7/9/2015,3796.26001
7/10/2015,3843.100098
7/13/2015,3885.969971
7/14/2015,3903.310059
7/15/2015,3900.5
7/16/2015,3931.850098
7/17/2015,3936.219971
7/20/2015,3939.350098
7/21/2015,3922.699951
7/22/2015,3913.75
7/23/2015,3891.790039
7/24/2015,3850.149902
7/27/2015,3827.929932
7/28/2015,3875.370117
7/29/2015,3904.209961
7/30/2015,3904.639893
7/31/2015,3895.800049
8/3/2015,3885.070068
8/4/2015,3876.439941
8/5/2015,3889.98999
8/6/2015,3860.919922
8/7/2015,3849.959961
8/10/2015,3899.360107
8/11/2015,3862.810059
8/12/2015,3867.370117
8/13/2015,3863.030029
8/14/2015,3878.159912
8/17/2015,3899.100098
8/18/2015,3889.600098
8/19/2015,3857.73999
8/20/2015,3776.360107
8/21/2015,3656.669922
8/24/2015,3512.649902
8/25/2015,3465.189941
8/26/2015,3600.72998
8/27/2015,3688.600098
8/28/2015,3691.300049
8/31/2015,3660.75
9/1/2015,3552.649902
9/2/2015,3618.25
9/3/2015,3622.659912
9/4/2015,3567.409912
9/8/2015,3657.320068
9/9/2015,3606.800049
9/10/2015,3626.139893
9/11/2015,3643.540039
9/14/2015,3628.870117
9/15/2015,3675.47998
9/16/2015,3707.620117
9/17/2015,3698.73999
9/18/2015,3638.98999
9/21/2015,3655.639893
9/22/2015,3610.699951
9/23/2015,3603.48999
9/24/2015,3591.370117
9/25/2015,3589.709961
9/28/2015,3498.610107
9/29/2015,3503.129883
9/30/2015,3570.169922
10/1/2015,3577.469971
10/2/2015,3629.040039
10/5/2015,3695.610107
10/6/2015,3682.330078
10/7/2015,3713.360107
10/8/2015,3746.120117
10/9/2015,3748.959961
10/12/2015,3753.72998
10/13/2015,3728.47998
10/14/2015,3711.110107
10/15/2015,3766.429932
10/16/2015,3783.639893
10/19/2015,3784.719971
10/20/2015,3779.439941
10/21/2015,3757.909912
10/22/2015,3820.48999
10/23/2015,3862.649902
10/26/2015,3855.290039
10/27/2015,3845.449951
10/28/2015,3891.340088
10/29/2015,3890.040039
10/30/2015,3871.330078
11/2/2015,3917.300049
11/3/2015,3928.050049
11/4/2015,3915.52002
11/5/2015,3911.889893
11/6/2015,3910.97998
11/9/2015,3873.370117
11/10/2015,3880.22998
11/11/2015,3867.709961
11/12/2015,3814.290039
11/13/2015,3771.590088
11/16/2015,3828.459961
11/17/2015,3824.139893
11/18/2015,3886.26001
11/19/2015,3882.060059
11/20/2015,3897.449951
11/23/2015,3892.800049
11/24/2015,3897.669922
11/25/2015,3897.570068
11/27/2015,3900.73999
11/30/2015,3882.840088
12/1/2015,3924.629883
12/2/2015,3882.379883
12/3/2015,3826.73999
12/4/2015,3905.310059
12/7/2015,3878.310059
12/8/2015,3853.47998
12/9/2015,3823.899902
12/10/2015,3832.929932
12/11/2015,3759.090088
12/14/2015,3777.219971
12/15/2015,3817.360107
12/16/2015,3873.120117
12/17/2015,3815.459961
12/18/2015,3747.560059
12/21/2015,3777.149902
12/22/2015,3810.850098
12/23/2015,3858.469971
12/24/2015,3852.310059
12/28/2015,3843.939941
12/29/2015,3885.550049
12/30/2015,3857.899902
12/31/2015,3821.600098
1/4/2016,3763.98999
1/5/2016,3771.570068
1/6/2016,3723.439941
1/7/2016,3635.290039
1/8/2016,3595.909912
1/11/2016,3598.969971
1/12/2016,3627.060059
1/13/2016,3536.919922
1/14/2016,3596.030029
1/15/2016,3518.51001
1/19/2016,3520.399902
1/20/2016,3479.75
1/21/2016,3497.939941
1/22/2016,3568.899902
1/25/2016,3513.110107
1/26/2016,3562.810059
1/27/2016,3524.330078
1/28/2016,3544.129883
1/29/2016,3631.959961
2/1/2016,3630.459961
2/2/2016,3562.52002
2/3/2016,3581.530029
2/4/2016,3587.709961
2/5/2016,3521.600098
2/8/2016,3472.080078
2/9/2016,3470.5
2/10/2016,3471.040039
2/11/2016,3428.98999
2/12/2016,3496.280029
2/16/2016,3555.199951
2/17/2016,3614.159912
2/18/2016,3597.48999
2/19/2016,3597.919922
2/22/2016,3649.919922
2/23/2016,3604.679932
2/24/2016,3620.870117
2/25/2016,3662.840088
2/26/2016,3656.419922
2/29/2016,3627.060059
3/1/2016,3713.699951
3/2/2016,3729.590088
3/3/2016,3743.02002
3/4/2016,3755.469971
3/7/2016,3759.050049
3/8/2016,3717.48999
3/9/2016,3736.919922
3/10/2016,3737.73999
3/11/2016,3800.070068
3/14/2016,3795.530029
3/15/2016,3788.620117
3/16/2016,3810.090088
3/17/2016,3835.26001
3/18/2016,3852.149902
3/21/2016,3855.969971
3/22/2016,3853.179932
3/23/2016,3828.580078
3/24/2016,3827.139893
3/28/2016,3829.26001
3/29/2016,3863.800049
3/30/2016,3881.01001
3/31/2016,3873.110107
4/1/2016,3897.659912
4/4/2016,3886
4/5/2016,3846.590088
4/6/2016,3888.409912
4/7/2016,3841.97998
4/8/2016,3852.719971
4/11/2016,3842.169922
4/12/2016,3879.419922
4/13/2016,3918.949951
4/14/2016,3920.030029
4/15/2016,3916.169922
4/18/2016,3941.860107
4/19/2016,3954.01001
4/20/2016,3957.25
4/21/2016,3936.800049
4/22/2016,3937
4/25/2016,3929.879883
4/26/2016,3937.22998
4/27/2016,3944.02002
4/28/2016,3907.879883
4/29/2016,3888.129883
5/2/2016,3918.530029
5/3/2016,3884.629883
5/4/2016,3862.399902
5/5/2016,3862.399902
5/6/2016,3875.179932
5/9/2016,3878.139893
5/10/2016,3926.629883
5/11/2016,3891.129883
5/12/2016,3890.850098
5/13/2016,3858.169922
5/16/2016,3896.360107
5/17/2016,3860.879883
5/18/2016,3862.25
5/19/2016,3847.969971
5/20/2016,3871.75
5/23/2016,3863.820068
5/24/2016,3916.77002
5/25/2016,3944.330078
5/26/2016,3944.050049
5/27/2016,3961.669922
5/31/2016,3957.949951
6/1/2016,3963.100098
6/2/2016,3974.76001
6/3/2016,3963.22998
6/6/2016,3982.73999
6/7/2016,3987.959961
6/8/2016,4001.97998
6/9/2016,3995.280029
6/10/2016,3958.679932
6/13/2016,3927.72998
6/14/2016,3920.929932
6/15/2016,3914.02002
6/16/2016,3926.929932
6/17/2016,3914.149902
6/20/2016,3936.909912
6/21/2016,3947.939941
6/22/2016,3941.449951
6/23/2016,3994.179932
6/24/2016,3850.699951
6/27/2016,3781.02002
6/28/2016,3849.050049
6/29/2016,3915.100098
6/30/2016,3968.209961
7/1/2016,3976.679932
7/5/2016,3949.719971
7/6/2016,3972.26001
7/7/2016,3969.189941
7/8/2016,4029.75
7/11/2016,4043.48999
7/12/2016,4071.850098
7/13/2016,4072.77002
7/14/2016,4094.280029
7/15/2016,4090.48999
7/18/2016,4100.399902
7/19/2016,4094.610107
7/20/2016,4112.609863
7/21/2016,4097.819824
7/22/2016,4116.5
7/25/2016,4104.129883
7/26/2016,4105.569824
7/27/2016,4100.810059
7/28/2016,4107.75
7/29/2016,4114.509766
8/1/2016,4109.279785
8/2/2016,4083.25
8/3/2016,4097.299805
8/4/2016,4099.209961
8/5/2016,4134.560059
8/8/2016,4131.189941
8/9/2016,4132.959961
8/10/2016,4122.649902
8/11/2016,4142.720215
8/12/2016,4139.629883
8/15/2016,4151.689941
8/16/2016,4129.680176
8/17/2016,4138.419922
8/18/2016,4147.640137
8/19/2016,4142.22998
8/22/2016,4139.970215
8/23/2016,4148.160156
8/24/2016,4126.649902
8/25/2016,4121.089844
8/26/2016,4114.680176
8/29/2016,4136.75
8/30/2016,4129.339844
8/31/2016,4120.290039
9/1/2016,4120.169922
9/2/2016,4137.700195
9/6/2016,4150.109863
9/7/2016,4150.509766
9/8/2016,4141.459961
9/9/2016,4039.949951
9/12/2016,4099.470215
9/13/2016,4039.919922
9/14/2016,4037.830078
9/15/2016,4079.320068
9/16/2016,4063.969971
9/19/2016,4063.939941
9/20/2016,4065.199951
9/21/2016,4109.629883
9/22/2016,4136.410156
9/23/2016,4112.689941
9/26/2016,4077.709961
9/27/2016,4104.180176
9/28/2016,4126.830078
9/29/2016,4088.469971
9/30/2016,4121.060059
10/3/2016,4108.129883
10/4/2016,4088.169922
10/5/2016,4107.399902
10/6/2016,4109.490234
10/7/2016,4096.25
10/10/2016,4115.120117
10/11/2016,4063.919922
10/12/2016,4068.919922
10/13/2016,4056.449951
10/14/2016,4057.280029
10/17/2016,4045.070068
10/18/2016,4069.98999
10/19/2016,4079.5
10/20/2016,4074.179932
10/21/2016,4073.850098
10/24/2016,4093.219971
10/25/2016,4077.800049
10/26/2016,4070.76001
10/27/2016,4058.75
10/28/2016,4046.360107
10/31/2016,4045.889893
11/1/2016,4018.469971
11/2/2016,3992.76001
11/3/2016,3976.560059
11/4/2016,3970.02002
11/7/2016,4058.300049
11/8/2016,4075.610107
11/9/2016,4121.029785
11/10/2016,4129.459961
11/11/2016,4123.689941
11/14/2016,4123.810059
11/15/2016,4155.620117
11/16/2016,4150.209961
11/17/2016,4169.870117
11/18/2016,4160.580078
11/21/2016,4191.680176
11/22/2016,4200.950195
11/23/2016,4204.490234
11/25/2016,4221.02002
11/28/2016,4199.390137
11/29/2016,4205.990234
11/30/2016,4195.72998
12/1/2016,4181.149902
12/2/2016,4182.810059
12/5/2016,4207.569824
12/6/2016,4222.040039
12/7/2016,4278.439941
12/8/2016,4288.100098
12/9/2016,4313.609863
12/12/2016,4308.939941
12/13/2016,4337.859863
12/14/2016,4302.930176
12/15/2016,4319.839844
12/16/2016,4312.399902
12/19/2016,4321.02002
12/20/2016,4337.359863
12/21/2016,4326.850098
12/22/2016,4319.330078
12/23/2016,4325.169922
12/27/2016,4334.930176
12/28/2016,4299.450195
12/29/2016,4298.390137
12/30/2016,4278.660156
1/3/2017,4315.080078
1/4/2017,4340.75
1/5/2017,4337.450195
1/6/2017,4354.049805
1/9/2017,4338.620117
1/10/2017,4338.640137
1/11/2017,4351.319824
1/12/2017,4342.089844
1/13/2017,4350.109863
1/17/2017,4337.200195
1/18/2017,4345.569824
1/19/2017,4329.959961
1/20/2017,4344.669922
1/23/2017,4333.100098
1/24/2017,4361.560059
1/25/2017,4396.569824
1/26/2017,4393.430176
1/27/2017,4389.850098
1/30/2017,4363.669922
1/31/2017,4359.810059
2/1/2017,4362.100098
2/2/2017,4364.850098
2/3/2017,4396.950195
2/6/2017,4387.669922
2/7/2017,4388.870117
2/8/2017,4393.310059
2/9/2017,4419.399902
2/10/2017,4435.419922
2/13/2017,4459.830078
2/14/2017,4478.97998
2/15/2017,4501.990234
2/16/2017,4498.560059
2/17/2017,4506.200195
2/21/2017,4533.459961
2/22/2017,4528.970215
2/23/2017,4531.390137
2/24/2017,4539.25
2/27/2017,4544.509766
2/28/2017,4532.930176
3/1/2017,4595.72998
3/2/2017,4569.169922
3/3/2017,4571.600098
3/6/2017,4556.720215
3/7/2017,4543.75
3/8/2017,4534.680176
3/9/2017,4538.359863
3/10/2017,4553.279785
3/13/2017,4556.439941
3/14/2017,4541.259766
3/15/2017,4579.439941
3/16/2017,4572.160156
3/17/2017,4566.169922
3/20/2017,4557.120117
3/21/2017,4500.97998
3/22/2017,4509.649902
3/23/2017,4504.919922
3/24/2017,4501.109863
3/27/2017,4496.529785
3/28/2017,4529.169922
3/29/2017,4535.009766
3/30/2017,4548.459961
3/31/2017,4538.209961
4/3/2017,4530.97998
4/4/2017,4534.25
4/5/2017,4520.859863
4/6/2017,4530.930176
4/7/2017,4527.200195
4/10/2017,4530.569824
4/11/2017,4524.709961
4/12/2017,4507.759766
4/13/2017,4477.069824
4/17/2017,4515.649902
4/18/2017,4502.660156
4/19/2017,4495.560059
4/20/2017,4529.649902
4/21/2017,4515.899902
4/24/2017,4564.930176
4/25/2017,4592.740234
4/26/2017,4590.560059
4/27/2017,4593.569824
4/28/2017,4584.819824
5/1/2017,4592.779785
5/2/2017,4598.240234
5/3/2017,4593.319824
5/4/2017,4596.240234
5/5/2017,4615.089844
5/8/2017,4615.72998
5/9/2017,4611.209961
5/10/2017,4618.189941
5/11/2017,4609.689941
5/12/2017,4602.959961
5/15/2017,4625.509766
5/16/2017,4623.259766
5/17/2017,4540.580078
5/18/2017,4557.410156
5/19/2017,4588.350098
5/22/2017,4612.120117
5/23/2017,4620.700195
5/24/2017,4632.370117
5/25/2017,4653.589844
5/26/2017,4655.649902
5/30/2017,4650.759766
5/31/2017,4649.339844
6/1/2017,4685.109863
6/2/2017,4702.560059
6/5/2017,4697
6/6/2017,4683.959961
6/7/2017,4692.290039
6/8/2017,4693.669922
6/9/2017,4689.790039
6/12/2017,4685.540039
6/13/2017,4707.879883
6/14/2017,4703.529785
6/15/2017,4693.859863
6/16/2017,4695.22998
6/19/2017,4734.47998
6/20/2017,4702.819824
6/21/2017,4700.5
6/22/2017,4698.399902
6/23/2017,4705.72998
6/26/2017,4707.27002
6/27/2017,4669.27002
6/28/2017,4711.330078
6/29/2017,4670.959961
6/30/2017,4678.359863
7/3/2017,4689.609863
7/5/2017,4697.339844
7/6/2017,4655.02002
7/7/2017,4684.879883
7/10/2017,4689.25
7/11/2017,4685.640137
7/12/2017,4720.279785
7/13/2017,4729.25
7/14/2017,4751.430176
7/17/2017,4751.330078
7/18/2017,4754.27002
7/19/2017,4780.25
7/20/2017,4779.839844
7/21/2017,4778.069824
7/24/2017,4773.100098
7/25/2017,4787.040039
7/26/2017,4788.410156
7/27/2017,4784.259766
7/28/2017,4778.02002
7/31/2017,4774.560059
8/1/2017,4786.27002
8/2/2017,4789.540039
8/3/2017,4779.990234
8/4/2017,4789.109863
8/7/2017,4797.129883
8/8/2017,4786.120117
8/9/2017,4784.939941
8/10/2017,4717.399902
8/11/2017,4723.72998
8/14/2017,4771.430176
8/15/2017,4770.149902
8/16/2017,4778.279785
8/17/2017,4704.72998
8/18/2017,4696.220215
8/21/2017,4701.819824
8/22/2017,4748.72998
8/23/2017,4732.759766
8/24/2017,4723.029785
8/25/2017,4731.459961
8/28/2017,4733.970215
8/29/2017,4738.620117
8/30/2017,4761.720215
8/31/2017,4789.180176
9/1/2017,4798.990234
9/5/2017,4762.75
9/6/2017,4777.689941
9/7/2017,4777.930176
9/8/2017,4771.02002
9/11/2017,4822.799805
9/12/2017,4839.310059
9/13/2017,4843.040039
9/14/2017,4839.290039
9/15/2017,4848.839844
9/18/2017,4856.080078
9/19/2017,4861.52002
9/20/2017,4864.609863
9/21/2017,4849.950195
9/22/2017,4853.200195
9/25/2017,4842.410156
9/26/2017,4843.140137
9/27/2017,4862.930176
9/28/2017,4869.810059
9/29/2017,4887.970215
10/2/2017,4906.919922
10/3/2017,4917.72998
10/4/2017,4924.189941
10/5/2017,4952.850098
10/6/2017,4949.089844
10/9/2017,4940.160156
10/10/2017,4951.77002
10/11/2017,4960.790039
10/12/2017,4952.850098
10/13/2017,4957.27002
10/16/2017,4966.049805
10/17/2017,4969.379883
10/18/2017,4973.279785
10/19/2017,4975.319824
10/20/2017,5001.109863
10/23/2017,4981.370117
10/24/2017,4989.560059
10/25/2017,4966.290039
10/26/2017,4972.600098
10/27/2017,5012.75
10/30/2017,4997.149902
10/31/2017,5002.029785
11/1/2017,5009.990234
11/2/2017,5011.47998
11/3/2017,5027.490234
11/6/2017,5034.299805
11/7/2017,5033.379883
11/8/2017,5040.740234
11/9/2017,5023.009766
11/10/2017,5020.310059
11/13/2017,5025.359863
11/14/2017,5014.529785
11/15/2017,4987.959961
11/16/2017,5030.47998
11/17/2017,5017.450195
11/20/2017,5024.009766
11/21/2017,5056.950195
11/22/2017,5053.600098
11/24/2017,5064.22998
11/27/2017,5062.850098
11/28/2017,5112.910156
11/29/2017,5111.680176
11/30/2017,5155.439941
12/1/2017,5145.209961
12/4/2017,5139.910156
12/5/2017,5120.919922
12/6/2017,5120.459961
12/7/2017,5136.370117
12/8/2017,5165.189941
12/11/2017,5181.75
12/12/2017,5189.959961
12/13/2017,5187.680176
12/14/2017,5167.450195
12/15/2017,5214.100098
12/18/2017,5242.279785
12/19/2017,5225.430176
12/20/2017,5221.790039
12/21/2017,5232.160156
12/22/2017,5229.790039
12/26/2017,5224.509766
12/27/2017,5229.009766
12/28/2017,5239.589844
12/29/2017,5212.759766
1/2/2018,5256.279785
1/3/2018,5289.919922
1/4/2018,5312.330078
1/5/2018,5349.689941
1/8/2018,5358.680176
1/9/2018,5367.259766
1/10/2018,5361.330078
1/11/2018,5399.459961
1/12/2018,5435.919922
1/16/2018,5416.859863
1/17/2018,5467.850098
1/18/2018,5459.5
1/19/2018,5483.569824
1/22/2018,5527.890137
1/23/2018,5540.129883
1/24/2018,5537.029785
1/25/2018,5540.379883
1/26/2018,5606.080078
1/29/2018,5568.669922
1/30/2018,5508.359863
1/31/2018,5511.209961
2/1/2018,5508.700195
2/2/2018,5392.209961
2/5/2018,5171.259766
2/6/2018,5262.02002
2/7/2018,5235.839844
2/8/2018,5040.060059
2/9/2018,5116.990234
2/12/2018,5188.370117
2/13/2018,5202.220215
2/14/2018,5273.430176
2/15/2018,5338.350098
2/16/2018,5340.819824
2/20/2018,5309.990234
2/21/2018,5280.910156
2/22/2018,5286.490234
2/23/2018,5371.560059
2/26/2018,5435.379883
2/27/2018,5367.089844
2/28/2018,5308.089844
3/1/2018,5238.180176
3/2/2018,5265.240234
3/5/2018,5323.359863
3/6/2018,5337.689941
3/7/2018,5335.470215
3/8/2018,5360.72998
3/9/2018,5454.029785
3/12/2018,5447.100098
3/13/2018,5412.75
3/14/2018,5383.27002
3/15/2018,5379.390137
3/16/2018,5388.740234
3/19/2018,5312.22998
3/20/2018,5320.200195
3/21/2018,5310.959961
3/22/2018,5177.52002
3/23/2018,5069.029785
3/26/2018,5206.689941
3/27/2018,5116.75
3/28/2018,5102.689941
3/29/2018,5173.189941
4/2/2018,5057.689941
4/3/2018,5121.700195
4/4/2018,5181.310059
4/5/2018,5217.620117
4/6/2018,5103.350098
4/9/2018,5121.899902
4/10/2018,5207.72998
4/11/2018,5179.189941
4/12/2018,5222.549805
4/13/2018,5207.569824
4/16/2018,5249.939941
4/17/2018,5305.899902
4/18/2018,5310.319824
4/19/2018,5280.569824
4/20/2018,5235.75
4/23/2018,5236.040039
4/24/2018,5166.100098
4/25/2018,5175.589844
4/26/2018,5229.609863
4/27/2018,5235.72998
4/30/2018,5193.040039
5/1/2018,5206.310059
5/2/2018,5168.790039
5/3/2018,5157.700195
5/4/2018,5224.709961
5/7/2018,5242.870117
5/8/2018,5241.529785
5/9/2018,5292.899902
5/10/2018,5343.700195
5/11/2018,5354.689941
5/14/2018,5359.660156
5/15/2018,5323.22998
5/16/2018,5346.330078
5/17/2018,5343.290039
5/18/2018,5329.660156
5/21/2018,5369.189941
5/22/2018,5352.450195
5/23/2018,5369.990234
5/24/2018,5359.319824
5/25/2018,5347.310059
5/29/2018,5285.700195
5/30/2018,5353.759766
5/31/2018,5318.100098
6/1/2018,5376.290039
6/4/2018,5400.5
6/5/2018,5404.620117
6/6/2018,5451.089844
6/7/2018,5448.180176
6/8/2018,5465.419922
6/11/2018,5471.290039
6/12/2018,5481.069824
6/13/2018,5459.209961
6/14/2018,5474.370117
6/15/2018,5469.370117
6/18/2018,5457.830078
6/19/2018,5436.129883
6/20/2018,5445.430176
6/21/2018,5411.399902
6/22/2018,5421.629883
6/25/2018,5347.22998
6/26/2018,5359.009766
6/27/2018,5312.890137
6/28/2018,5346.439941
6/29/2018,5350.830078
7/2/2018,5367.490234
7/3/2018,5340.930176
7/5/2018,5388.279785
7/6/2018,5434.359863
7/9/2018,5483.890137
7/10/2018,5503.049805
7/11/2018,5464.009766
7/12/2018,5512.359863
7/13/2018,5518.330078
7/16/2018,5512.919922
7/17/2018,5534.910156
7/18/2018,5546.859863
7/19/2018,5525.509766
7/20/2018,5520.5
7/23/2018,5530.660156
7/24/2018,5557.370117
7/25/2018,5607.990234
7/26/2018,5590.990234
7/27/2018,5554.310059
7/30/2018,5522.810059
7/31/2018,5549.959961
8/1/2018,5544.189941
8/2/2018,5572.080078
8/3/2018,5598.709961
8/6/2018,5619.049805
8/7/2018,5634.97998
8/8/2018,5633.669922
8/9/2018,5627
8/10/2018,5588.660156
8/13/2018,5566.359863
8/14/2018,5602.410156
8/15/2018,5560.850098
8/16/2018,5606.560059
8/17/2018,5625.660156
8/20/2018,5639.529785
8/21/2018,5651.390137
8/22/2018,5649.310059
8/23/2018,5640.100098
8/24/2018,5675.120117
8/27/2018,5719.299805
8/28/2018,5720.890137
8/29/2018,5754
8/30/2018,5729.450195
8/31/2018,5730.799805
9/4/2018,5721.859863
9/5/2018,5705.859863
9/6/2018,5686.700195
9/7/2018,5674.580078
9/10/2018,5685.339844
9/11/2018,5706.990234
9/12/2018,5709.080078
9/13/2018,5740.75
9/14/2018,5743.189941
9/17/2018,5711.290039
9/18/2018,5742.180176
9/19/2018,5749.390137
9/20/2018,5794.720215
9/21/2018,5792.720215
9/24/2018,5772.359863
9/25/2018,5765.25
9/26/2018,5746.27002
9/27/2018,5763.220215
9/28/2018,5763.419922
10/1/2018,5784.450195
10/2/2018,5782.370117
10/3/2018,5786.47998
10/4/2018,5740.560059
10/5/2018,5708.899902
10/8/2018,5706.660156
10/9/2018,5700.22998
10/10/2018,5512.939941
10/11/2018,5399.540039
10/12/2018,5476.830078
10/15/2018,5444.609863
10/16/2018,5561.799805
10/17/2018,5560.620117
10/18/2018,5481.129883
10/19/2018,5479.299805
10/22/2018,5455.879883
10/23/2018,5426.080078
10/24/2018,5258.609863
10/25/2018,5356.540039
10/26/2018,5263.740234
10/29/2018,5229.279785
10/30/2018,5311.669922
10/31/2018,5369.490234
11/1/2018,5426.330078
11/2/2018,5392.529785
11/5/2018,5422.879883
11/6/2018,5457.25
11/7/2018,5573.060059
11/8/2018,5562
11/9/2018,5511.790039
11/12/2018,5403.189941
11/13/2018,5395.370117
11/14/2018,5355.939941
11/15/2018,5414.430176
11/16/2018,5426.859863
11/19/2018,5336.700195
11/20/2018,5240.22998
11/21/2018,5256.609863
11/23/2018,5222.430176
11/26/2018,5304.169922
11/27/2018,5321.52002
11/28/2018,5444.120117
11/29/2018,5433.490234
11/30/2018,5478.910156
12/3/2018,5538.859863
12/4/2018,5359.910156
12/6/2018,5353.430176
12/7/2018,5229.439941
12/10/2018,5238.700195
12/11/2018,5237.100098
12/12/2018,5265.529785
12/13/2018,5265.459961
12/14/2018,5165.600098
12/17/2018,5058.580078
12/18/2018,5059.339844
12/19/2018,4981.919922
12/20/2018,4903.459961
12/21/2018,4802.509766
12/24/2018,4672.660156
12/26/2018,4904.490234
12/27/2018,4946.939941
12/28/2018,4941.609863
12/31/2018,4984.220215
1/2/2019,4990.560059
1/3/2019,4868.299805
1/4/2019,5035.450195
1/7/2019,5070.759766
1/8/2019,5120.040039
1/9/2019,5142.660156
1/10/2019,5165.890137
1/11/2019,5165.149902
1/14/2019,5138.580078
1/15/2019,5193.779785
1/16/2019,5205.450195
1/17/2019,5245.47998
1/18/2019,5314.779785
1/22/2019,5239.75
1/23/2019,5251.290039
1/24/2019,5258.689941
1/25/2019,5303.509766
1/28/2019,5261.879883
1/29/2019,5254.310059
1/30/2019,5336.600098
1/31/2019,5383.629883
2/1/2019,5389.189941
2/4/2019,5425.799805
2/5/2019,5451.399902
2/6/2019,5439.799805
2/7/2019,5389.689941
2/8/2019,5395.120117
2/11/2019,5399
2/12/2019,5468.97998
2/13/2019,5485.970215
2/14/2019,5473.330078
2/15/2019,5533.27002
2/19/2019,5541.97998
2/20/2019,5552.899902
2/21/2019,5533.799805
2/22/2019,5569.450195
2/25/2019,5577.089844
2/26/2019,5572.740234
2/27/2019,5570.569824
2/28/2019,5556.490234
3/1/2019,5595.109863
3/4/2019,5573.529785
3/5/2019,5567.399902
3/6/2019,5531.339844
3/7/2019,5487.560059
3/8/2019,5476.390137
3/11/2019,5556.77002
3/12/2019,5556.77002
3/13/2019,5612.560059
3/14/2019,5609.589844
3/15/2019,5637.77002
3/18/2019,5658.72998
3/19/2019,5658.149902
3/20/2019,5641.740234
3/21/2019,5703.279785
3/22/2019,5595.5
3/25/2019,5591.22998
3/26/2019,5631.390137
3/27/2019,5605.319824
3/28/2019,5626.319824
3/29/2019,5664.459961
4/1/2019,5730.040039
4/2/2019,5730.350098
4/3/2019,5742.669922
4/4/2019,5755.959961
4/5/2019,5782.700195
4/8/2019,5788.859863
4/9/2019,5755.490234
4/10/2019,5775.990234
4/11/2019,5776.279785
4/12/2019,5815.040039
4/15/2019,5811.509766
4/16/2019,5814.459961
4/17/2019,5801.830078
4/18/2019,5811.129883
4/22/2019,5817.160156
4/23/2019,5868.879883
4/24/2019,5856.029785
4/25/2019,5853.870117
4/26/2019,5881.47998
4/29/2019,5888.049805
4/30/2019,5893.810059
5/1/2019,5849.649902
5/2/2019,5837.459961
5/3/2019,5894.299805
5/6/2019,5868.450195
5/7/2019,5771.589844
5/8/2019,5762.47998
5/9/2019,5747.080078
5/10/2019,5770.439941
5/13/2019,5631.410156
5/14/2019,5677.200195
5/15/2019,5711.490234
5/16/2019,5763.950195
5/17/2019,5730.890137
5/20/2019,5692.299805
5/21/2019,5740.810059
5/22/2019,5724.709961
5/23/2019,5657.100098
5/24/2019,5665.600098
5/28/2019,5618.180176
5/29/2019,5579.509766
5/30/2019,5591.970215
5/31/2019,5519.27002
6/3/2019,5504.049805
6/4/2019,5622.310059
6/5/2019,5668.890137
6/6/2019,5705.220215
6/7/2019,5765.660156
6/10/2019,5792.560059
6/11/2019,5790.830078
6/12/2019,5779.120117
6/13/2019,5804.529785
6/14/2019,5795.959961
6/17/2019,5801.399902
6/18/2019,5857.950195
6/19/2019,5875.450195
6/20/2019,5931.660156
6/21/2019,5924.540039
6/24/2019,5914.290039
6/25/2019,5858.129883
6/26/2019,5850.899902
6/27/2019,5874.149902
6/28/2019,5908.25
7/1/2019,5953.629883
7/2/2019,5971.290039
7/3/2019,5982.899902
7/5/2019,6008.310059
7/8/2019,5979.339844
7/9/2019,5988.47998
7/10/2019,6015.560059
7/11/2019,6029.330078
7/12/2019,6057.77002
7/15/2019,6058.830078
7/16/2019,6038.399902
7/17/2019,5999.049805
7/18/2019,6021.149902
7/19/2019,5984.200195
7/22/2019,6001.279785
7/23/2019,6042.47998
7/24/2019,6071.049805
7/25/2019,6039.129883
7/26/2019,6083.819824
7/29/2019,6074.009766
7/30/2019,6058.959961
7/31/2019,5993.169922
8/1/2019,5939.830078
8/2/2019,5897.100098
8/5/2019,5721.799805
8/6/2019,5796.720215
8/7/2019,5801.319824
8/8/2019,5911.660156
8/9/2019,5873.470215
8/12/2019,5802.140137
8/13/2019,5890.160156
8/14/2019,5719.299805
8/15/2019,5734.490234
8/16/2019,5818.169922
8/19/2019,5888.930176
8/20/2019,5842.759766
8/21/2019,5891.189941
8/22/2019,5888.370117
8/23/2019,5735.629883
8/26/2019,5799.339844
8/27/2019,5780.790039
8/28/2019,5818.839844
8/29/2019,5893.649902
8/30/2019,5898.22998
9/3/2019,5857.950195
9/4/2019,5921.959961
9/5/2019,6000.379883
9/6/2019,6006.069824
9/9/2019,6005.990234
9/10/2019,6008.120117
9/11/2019,6051.870117
9/12/2019,6070.22998
9/13/2019,6067.5
9/16/2019,6048.669922
9/17/2019,6064.310059
9/18/2019,6066.419922
9/19/2019,6066.899902
9/20/2019,6037.5
9/23/2019,6036.899902
9/24/2019,5986.580078
9/25/2019,6023.459961
9/26/2019,6009.189941
9/27/2019,5978.109863
9/30/2019,6008.589844
10/1/2019,5935.200195
10/2/2019,5828.930176
10/3/2019,5876.859863
10/4/2019,5960.430176
10/7/2019,5933.759766
10/8/2019,5841.569824
10/9/2019,5896.600098
10/10/2019,5934.560059
10/11/2019,6000.040039
10/14/2019,5991.720215
10/15/2019,6051.390137
10/16/2019,6039.689941
10/17/2019,6056.839844
10/18/2019,6033.259766
10/21/2019,6074.899902
10/22/2019,6053.419922
10/23/2019,6070.870117
10/24/2019,6082.540039
10/25/2019,6107.419922
10/28/2019,6141.509766
10/29/2019,6136.470215
10/30/2019,6156.930176
10/31/2019,6138.72998
11/1/2019,6198.589844
11/4/2019,6221.629883
11/5/2019,6214.279785
11/6/2019,6219.100098
11/7/2019,6238.990234
11/8/2019,6256.109863
11/11/2019,6243.810059
11/12/2019,6253.910156
11/13/2019,6258.580078
11/14/2019,6265.419922
11/15/2019,6314.740234
11/18/2019,6318.02002
11/19/2019,6314.660156
11/20/2019,6292.169922
11/21/2019,6282.589844
11/22/2019,6296.339844
11/25/2019,6344.359863
11/26/2019,6358.459961
11/27/2019,6385.759766
11/29/2019,6361.560059
12/2/2019,6306.879883
12/3/2019,6265.220215
12/4/2019,6305.490234
12/5/2019,6316.689941
12/6/2019,6374.700195
12/9/2019,6355.069824
12/10/2019,6348.310059
12/11/2019,6366.839844
12/12/2019,6422.350098
12/13/2019,6423.930176
12/16/2019,6470.029785
12/17/2019,6472.240234
12/18/2019,6470
12/19/2019,6499.259766
12/20/2019,6531.75
12/23/2019,6537.399902
12/24/2019,6536.580078
12/26/2019,6570.709961
12/27/2019,6571.029785
12/30/2019,6533.910156
12/31/2019,6553.569824
1/2/2020,6609.290039
1/3/2020,6563.319824
1/6/2020,6586.540039
1/7/2020,6568.740234
1/8/2020,6601.149902
1/9/2020,6646.839844
1/10/2020,6627.870117
1/13/2020,6674.129883
1/14/2020,6664.660156
1/15/2020,6677.25
1/16/2020,6733.350098
1/17/2020,6759.509766
1/21/2020,6741.709961
1/22/2020,6743.899902
1/23/2020,6752.089844
1/24/2020,6691.220215
1/27/2020,6585.950195
1/28/2020,6652.299805
1/29/2020,6646.689941
1/30/2020,6668.52002
1/31/2020,6551
2/3/2020,6598.629883
2/4/2020,6697.490234
2/5/2020,6772.97998
2/6/2020,6796.640137
2/7/2020,6761.259766
2/10/2020,6811.830078
2/11/2020,6823.589844
2/12/2020,6867.919922
2/13/2020,6858.919922
2/14/2020,6872.680176
2/18/2020,6853.040039
2/19/2020,6886.470215
2/20/2020,6860.52002
2/21/2020,6788.600098
2/24/2020,6561.939941
2/25/2020,6363.370117
2/26/2020,6339.379883
2/27/2020,6060.669922
2/28/2020,6011.72998
3/2/2020,6288.640137
3/3/2020,6112.069824
3/4/2020,6370.350098
3/5/2020,6155.580078
3/6/2020,6050.799805
3/9/2020,5591.740234
3/10/2020,5868.109863
3/11/2020,5581.759766
3/12/2020,5051.970215
3/13/2020,5522.850098
3/16/2020,4861.220215
3/17/2020,5152.830078
3/18/2020,4885.779785
3/19/2020,4909.129883
3/20/2020,4697.089844
3/23/2020,4559.5
3/24/2020,4987.799805
3/25/2020,5045.350098
3/26/2020,5360.490234
3/27/2020,5179.919922
